award_year,notice_id,project_name,sector,country,procurement_type,winning_bid_raw,winning_country,winning_firm,currency_unit,contract_amount,contract_value_usd,notice_url,page_url,data_source
2012,CDB2012-001,Integration of Domestic Taxes,Institutions,Barbados,Consultancy,"PricewaterhouseCoopers SRL USD 629,425.00",,PricewaterhouseCoopers SRL,USD,629425.0,629425.0,https://www.caribank.org/sites/default/files/publication-resources/CONTRACT-AWARD-INFORMATION_Integration-of-Domestic-Taxes_Central-Revenue-Authority_Barbados.pdf,https://www.caribank.org/work-with-us/procurement/contract-awards?solr_publication_contract_awards_years_filter=2012,CDB
2012,CDB2012-002,"Implementation, Design of the Organisational Structure and Related Services for the Establishment of a Central Revenue Authority",Institutions,Barbados,Consultancy,"PricewaterhouseCoopers SRL USD 478,876.65",,PricewaterhouseCoopers SRL,USD,478876.65,478876.65,https://www.caribank.org/sites/default/files/publication-resources/CONTRACT-AWARD-INFORMATIONCONSULTANCY_SERVICES_CRA_Barbados_Org_Structure.pdf,https://www.caribank.org/work-with-us/procurement/contract-awards?solr_publication_contract_awards_years_filter=2012,CDB
2013,CDB2013-001,Supply of LED Street Lights for Street Light Retrofitting Project,Climate,Antigua and Barbuda,Works,"Caribbean LED Lighting USD 4,527,140.00",,Caribbean LED Lighting,USD,4527140.0,4527140.0,https://www.caribank.org/sites/default/files/publication-resources/Contract-Award-Notice-Supply-of-LED-Street-Lights.pdf,https://www.caribank.org/work-with-us/procurement/contract-awards?solr_publication_contract_awards_years_filter=2013,CDB
2013,CDB2013-002,Brades Power Station Expansion (New 1.5MW Diesel Alternator),Climate,Montserrat,Goods,"Angelique International Ltd., India US$ 6,787,718.89",,"Angelique International Ltd., India",US$,6787718.89,6787718.89,https://www.caribank.org/sites/default/files/publication-resources/CONTRACT_AWARD_INFORMATION_Brades-Power-Station-Expansion_Montserrat.pdf,https://www.caribank.org/work-with-us/procurement/contract-awards?solr_publication_contract_awards_years_filter=2013,CDB
2013,CDB2013-003,"Antrim 250,000 impg Water Storage Tank Project",Water Resource Management,Dominica,Works,"Jamaica Drip Irrigation EC $1,239,166.00",Jamaica,Drip Irrigation,EC,1239166.0,458950.37,https://www.caribank.org/sites/default/files/publication-resources/Contract-award-information_Antrim-Water-Storage-Tank-Project-_Dominica.pdf,https://www.caribank.org/work-with-us/procurement/contract-awards?solr_publication_contract_awards_years_filter=2013,CDB
2013,CDB2013-004,"Massacre 100,000 impg Water Storage Tank Project",Water Resource Management,Dominica,Works,"F and C Construction EC$ 960,252.99",,F and C Construction,EC$,960252.99,355649.26,https://www.caribank.org/sites/default/files/publication-resources/Contract-award-information_Massacre-Water-Storage-Tank-Project-_Dominica.pdf,https://www.caribank.org/work-with-us/procurement/contract-awards?solr_publication_contract_awards_years_filter=2013,CDB
2013,CDB2013-005,Belize Road Safety Project: Lot 1 – George Price Highway Shouldering,Transportation,Belize,Works,"D&amp;M Roadway Construction BZD 1,514,238.00",,D&amp;M Roadway Construction,BZD,1514238.0,757119.0,https://www.caribank.org/sites/default/files/publication-resources/Contract-Award-Information-Lot-1_George-Price-Highway-Shouldering_Belize.pdf,https://www.caribank.org/work-with-us/procurement/contract-awards?solr_publication_contract_awards_years_filter=2013,CDB
2013,CDB2013-006,Nevis Water Enhancement Project- Water Supply- Pump Stations,Water Resource Management,Saint Kitts and Nevis,Works,"Jamaica Drip Irrigation XCD 1,755, 802.75",Jamaica,Drip Irrigation,XCD,1755802.75,650297.31,https://www.caribank.org/sites/default/files/publication-resources/Contract-Award-Info-ICB-No-20-SFR-OR-STK-01-Nevis-Water-Supply-Pump-Stations.pdf,https://www.caribank.org/work-with-us/procurement/contract-awards?solr_publication_contract_awards_years_filter=2013,CDB
2013,CDB2013-007,Nevis Water Enhancement Project- Water Supply- Tanks and Chlorine,Water Resource Management,Saint Kitts and Nevis,Works,"FDL Consult Inc (FDL) XCD 4,361,087.86",,FDL Consult Inc (FDL),XCD,4361087.86,1615217.73,https://www.caribank.org/sites/default/files/publication-resources/Contract-Award-Info-ICB-No-20-SFR-OR-STK-02-Nevis-Water-Supply-Tanks-and-Chlorine.pdf,https://www.caribank.org/work-with-us/procurement/contract-awards?solr_publication_contract_awards_years_filter=2013,CDB
2013,CDB2013-008,Change Management Expertise for the Central Revenue Authority,Institutions,Barbados,Consultancy,"KPMG BDS 690,000.00",,KPMG,BDS,690000.0,345000.0,https://www.caribank.org/sites/default/files/publication-resources/CONTRACT-AWARD-INFORMATIONCONSULTANCY_SERVICES_CRA_BARBADOS_-Change-Management.pdf,https://www.caribank.org/work-with-us/procurement/contract-awards?solr_publication_contract_awards_years_filter=2013,CDB
2013,CDB2013-009,Information Technology (IT) System Diagnostic Review and Strategy,Institutions,Barbados,Consultancy,"C2D Services Inc. USD 117,859.00",,C2D Services Inc.,USD,117859.0,117859.0,https://www.caribank.org/sites/default/files/publication-resources/CONTRACT-AWARD-INFORMATION-_IT-Diagnostic-Review-and-Strategy_Central-Revenue-Authority_Barbados.pdf,https://www.caribank.org/work-with-us/procurement/contract-awards?solr_publication_contract_awards_years_filter=2013,CDB
2014,CDB2014-001,Fourth Road Project (West Coast Demerara Road Improvement),Transportation,Guyana,Consultancy,"Tagman Media Inc. USD 180,350.00",,Tagman Media Inc.,USD,180350.0,180350.0,https://www.caribank.org/sites/default/files/publication-resources/CONTRACT-AWARD-INFORMATION_Fourth-Road-Project_Road-Safety-Public-Relations-and-Communications_Guyana.pdf,https://www.caribank.org/work-with-us/procurement/contract-awards?solr_publication_contract_awards_years_filter=2014,CDB
2014,CDB2014-002,Fourth Road Project (West Coast Demerara Road Improvement): Community and Driver Road Safety Education,Transportation,Guyana,Consultancy,"GeoTechVision Guyana Inc. USD 86,500.00",,GeoTechVision Guyana Inc.,USD,86500.0,86500.0,https://www.caribank.org/sites/default/files/publication-resources/CONTRACT-AWARD-INFORMATION_Fourth-Road-Project_Community-and-Driver-Road-Safety-Education_Guyana.pdf,https://www.caribank.org/work-with-us/procurement/contract-awards?solr_publication_contract_awards_years_filter=2014,CDB
2014,CDB2014-003,John Compton Dam and Rehabilitation Project: John Compton Dam Desilting and Rehabilitation Study,Water Resource Management,Saint Lucia,Consultancy,"Golder Associates USD 601,386.00",,Golder Associates,USD,601386.0,601386.0,https://www.caribank.org/sites/default/files/publication-resources/Contract-Award-Info_John-Compton-Dam-Desilting-and-Rehabiltation-Study_SLU.pdf,https://www.caribank.org/work-with-us/procurement/contract-awards?solr_publication_contract_awards_years_filter=2014,CDB
2014,CDB2014-004,Fourth Road Project (West Coast Demerara Road Improvement): Monitoring and Evaluation,Transportation,Guyana,Consultancy,"MMM Group USD 75,875.00",,MMM Group,USD,75875.0,75875.0,https://www.caribank.org/sites/default/files/publication-resources/CONTRACT-AWARD-INFORMATION_Fourth-Road-Project_Monitoring-and-Evaluation_Guyana.pdf,https://www.caribank.org/work-with-us/procurement/contract-awards?solr_publication_contract_awards_years_filter=2014,CDB
2014,CDB2014-005,"Fourth Road Project, South Leeward Rehabilitation and Upgrade (Kingstown to Layou)",Transportation,Saint Vincent and the Grenadines,Works,"Dipcon Engineering Services Limited XCD 21,875,066.09",,Dipcon Engineering Services Limited,XCD,21875066.09,8101876.33,https://www.caribank.org/sites/default/files/publication-resources/FourthRoadSVGContract.pdf,https://www.caribank.org/work-with-us/procurement/contract-awards?solr_publication_contract_awards_years_filter=2014,CDB
2014,CDB2014-006,Improving the Business Climate for the Marine and Yachting Sector,Financial Services,Grenada,Consultancy,"The Marine Institute USD 170,000.00",,The Marine Institute,USD,170000.0,170000.0,https://www.caribank.org/sites/default/files/publication-resources/CONTRACT-AWARD-INFORMATION_Marine-and-Yachting-Association-of-Grenada_Technical-Workforce-Training_Grenada.pdf,https://www.caribank.org/work-with-us/procurement/contract-awards?solr_publication_contract_awards_years_filter=2014,CDB
2014,CDB2014-007,Belize Education Sector Reform Project: Strengthening of the Regulatory Framework,,Belize,Consultancy,"Trevor Hamilton and Associates US$ 182,540",,Trevor Hamilton and Associates,US$,182540.0,182540.0,https://www.caribank.org/sites/default/files/publication-resources/CONTRACT-AWARD-INFORMATION_Education-Sector-Reform-Project_Strengthening-of-the-Regulatory-Framework_Belize.pdf,https://www.caribank.org/work-with-us/procurement/contract-awards?solr_publication_contract_awards_years_filter=2014,CDB
2014,CDB2014-008,Fourth Road Project (West Coast Demerara Road Improvement): School Road Safety Education Programme,,Guyana,Consultancy,"TRL Limited GBP 252,107.00",,TRL Limited,GBP,252107.0,415095.17,https://www.caribank.org/sites/default/files/publication-resources/Contract-Award-Information_School-Road-Safety-Education_Fourth-Road-Project_Guyana.pdf,https://www.caribank.org/work-with-us/procurement/contract-awards?solr_publication_contract_awards_years_filter=2014,CDB
2014,CDB2014-009,Road Accident Emergency Services,Transportation,Belize,Goods,"Reliable Emergency Vehicles Inc. of Texas USD 309,940.00",,Reliable Emergency Vehicles Inc. of Texas,USD,309940.0,309940.0,https://www.caribank.org/sites/default/files/publication-resources/Contract-Award-Information-Road-Accident-Emergency-Services_Belize.pdf,https://www.caribank.org/work-with-us/procurement/contract-awards?solr_publication_contract_awards_years_filter=2014,CDB
2014,CDB2014-010,Development of Second Language Acquisition Strategies,Education,Belize,Consultancy,"Mount Saint Vincent University USD 148,400",,Mount Saint Vincent University,USD,148400.0,148400.0,https://www.caribank.org/sites/default/files/publication-resources/Contract-Award-Information_Development-of-Second-Language-Acquisition-Strategies_Belize.pdf,https://www.caribank.org/work-with-us/procurement/contract-awards?solr_publication_contract_awards_years_filter=2014,CDB
2014,CDB2014-011,Storm Water Flood Risk Management Study,Climate,Turks and Caicos Islands,Consultancy,"Dillon Consulting Ltd. USD 134,385.00",,Dillon Consulting Ltd.,USD,134385.0,134385.0,https://www.caribank.org/sites/default/files/publication-resources/CONTRACT-AWARD-INFORMATION-_Stormwater-Flood-Risk-Management-Study-_TCI.pdf,https://www.caribank.org/work-with-us/procurement/contract-awards?solr_publication_contract_awards_years_filter=2014&page=1,CDB
2014,CDB2014-012,Belize Road Safety Project: Lot 3 – George Price Highway Resealing,,Belize,,"M&amp;R Construction L imited BZD 1, 298,576.42",,M&amp;R Construction L imited,BZD,1298576.42,649288.21,https://www.caribank.org/sites/default/files/publication-resources/Contract-Award-Information-Lot-3_George-Price-Highway-Resealing_Belize.pdf,https://www.caribank.org/work-with-us/procurement/contract-awards?solr_publication_contract_awards_years_filter=2014&page=1,CDB
2014,CDB2014-013,Belize Road Safety Project: Lot 2 – George Price Highway Road Safety Furniture and Delineation,Transportation,Belize,Works,"Teichroeb &amp; Sons Limited BZD 2, 539,571.76",,Teichroeb &amp; Sons Limited,BZD,2539571.76,1269785.88,https://www.caribank.org/sites/default/files/publication-resources/Contract-Award-Information-Lot-2_George-Price-Highway_-Road-Safety-Furniture-and-Delineation_Belize.pdf,https://www.caribank.org/work-with-us/procurement/contract-awards?solr_publication_contract_awards_years_filter=2014&page=1,CDB
2015,CDB2015-001,Road User Education and Awareness,Transportation,Belize,Goods,"Tenchtronics Communications Limited USD 30,640.50",,Tenchtronics Communications Limited,USD,30640.5,30640.5,https://www.caribank.org/sites/default/files/publication-resources/Contract-Award-Road-User-Education-and-Awareness_Belize-Road-Safety-Project.pdf,https://www.caribank.org/work-with-us/procurement/contract-awards?solr_publication_contract_awards_years_filter=2015,CDB
2015,CDB2015-002,Youth and Community Transformation Project,Youth,Belize,Works,"BAE Construction BZD 86,216.82",,BAE Construction,BZD,86216.82,43108.41,https://www.caribank.org/sites/default/files/publication-resources/Contract-Award_Samuel-Haynes-Institute-of-Excellence-Fence-Belize.pdf,https://www.caribank.org/work-with-us/procurement/contract-awards?solr_publication_contract_awards_years_filter=2015,CDB
2015,CDB2015-003,Dead Tank Breakers for Sixth Power Project,Climate,Belize,Goods,"Sucursal Panama de ABB, S.A. USD 131,690.00",,"Sucursal Panama de ABB, S.A.",USD,131690.0,131690.0,https://www.caribank.org/sites/default/files/publication-resources/Contract-Award-Notice_BEL-Sixth-Power-Project_ABB-breakers.pdf,https://www.caribank.org/work-with-us/procurement/contract-awards?solr_publication_contract_awards_years_filter=2015,CDB
2015,CDB2015-004,ABB Power Transformer for Sixth Power Project,Climate,Belize,Goods,"Sucursal Panama de ABB, S.A. US$594,250.00",,"Sucursal Panama de ABB, S.A.",US$,594250.0,594250.0,https://www.caribank.org/sites/default/files/publication-resources/Contract-Award-Notice_BEL-Sixth-Power-Project_ABB-power-transformer.pdf,https://www.caribank.org/work-with-us/procurement/contract-awards?solr_publication_contract_awards_years_filter=2015,CDB
2015,CDB2015-005,"Reclosers, Regulators, By-pass switches, and Transformers for Sixth Power Project",Climate,Belize,Goods,"APS Power Solutions LLC. USD 517,134.48",,APS Power Solutions LLC.,USD,517134.48,517134.48,https://www.caribank.org/sites/default/files/publication-resources/Contract-Award-Notice_BEL-Sixth-Power-Project_APS.pdf,https://www.caribank.org/work-with-us/procurement/contract-awards?solr_publication_contract_awards_years_filter=2015,CDB
2015,CDB2015-006,Remote Terminal Unit for Sixth Power Project,Climate,Belize,Goods,"Advanced Control Systems Inc. USD 23,217.00",,Advanced Control Systems Inc.,USD,23217.0,23217.0,https://www.caribank.org/sites/default/files/publication-resources/Contract-Award-Notice_BEL-Sixth-Power-Project_ACS.pdf,https://www.caribank.org/work-with-us/procurement/contract-awards?solr_publication_contract_awards_years_filter=2015,CDB
2015,CDB2015-007,Hurricane Tomas Rehabilitation and Reconstruction Project: Mountain Springs Ravine Slope Stabilisation Project,Climate,Regional,Consultancy,,,,,,,,https://www.caribank.org/work-with-us/procurement/contract-awards?solr_publication_contract_awards_years_filter=2015,CDB
2015,CDB2015-008,Study on Demand for Selected Specialty Foods in CARIFORUM Market,Financial Services,Regional,Consultancy,"Visions and Concepts USD 86,345.00",,Visions and Concepts,USD,86345.0,86345.0,https://www.caribank.org/sites/default/files/publication-resources/Contract-Award-Information_Study-on-Demand-for-Specialty-Foods-in-CARIFORUM.pdf,https://www.caribank.org/work-with-us/procurement/contract-awards?solr_publication_contract_awards_years_filter=2015,CDB
2015,CDB2015-009,Hurricane Tomas Rehabilitation and Reconstruction Project: Entrepot River Slope Stabilisation Project,,Saint Lucia,Consultancy,"Construction and Machinery Services Ltd. XCD 2,036,896.68",,Construction and Machinery Services Ltd.,XCD,2036896.68,754406.18,https://www.caribank.org/sites/default/files/publication-resources/Hurricane-Tomas-Rehabilitation-and-Reconstruction-Project-Information-Entrepot-River-Slope-Stabilisation-Project.pdf,https://www.caribank.org/work-with-us/procurement/contract-awards?solr_publication_contract_awards_years_filter=2015,CDB
2015,CDB2015-010,Development of Comprehensive DevInfo Plans,Institutions,Regional,Consultancy,"Caribbean DMS, in association with Community Systems Foundation USD 110,090.00",,"Caribbean DMS, in association with Community Systems Foundation",USD,110090.0,110090.0,https://www.caribank.org/sites/default/files/publication-resources/Contract-Award-Information_-Development-of-DevInfo-Implementation-Plans.pdf,https://www.caribank.org/work-with-us/procurement/contract-awards?solr_publication_contract_awards_years_filter=2015,CDB
2015,CDB2015-011,National DevInfo Workshops – Sensitisation of Policy/Decision Makers and Training of Line Ministries in Management of Statistical Data,Institutions,Regional,Consultancy,"Caribbean DMS, in association with Community Systems Foundation USD 73, 280.00",,"Caribbean DMS, in association with Community Systems Foundation",USD,73280.0,73280.0,https://www.caribank.org/sites/default/files/publication-resources/Contract-Award-Information_DevInfo-Training-Workshops1.pdf,https://www.caribank.org/work-with-us/procurement/contract-awards?solr_publication_contract_awards_years_filter=2015&page=1,CDB
2015,CDB2015-012,Proposal to Conduct a VETAS Integration Diagnostic Review for the Barbados Revenue Authority,Institutions,Barbados,Consultancy,"SOAint Gestion S.A. USD 80,162.50",,SOAint Gestion S.A.,USD,80162.5,80162.5,https://www.caribank.org/sites/default/files/publication-resources/Contract-Award_VETAS-Integration-Diagnostic-Review_Barbados.pdf,https://www.caribank.org/work-with-us/procurement/contract-awards?solr_publication_contract_awards_years_filter=2015&page=1,CDB
2015,CDB2015-013,Conduct of Feasibility and Design of In-Market Liaison Service for Specialty Foods – EU and US Markets,Financial Services,Regional,Consultancy,"NEX Consulting, SRL USD 182,164",,"NEX Consulting, SRL",USD,182164.0,182164.0,https://www.caribank.org/sites/default/files/publication-resources/Conduct-of-Feasibility-and-Design-of-In-Market-Liaison-Service-for-Speciality-Foods.pdf,https://www.caribank.org/work-with-us/procurement/contract-awards?solr_publication_contract_awards_years_filter=2015&page=1,CDB
2015,CDB2015-014,Bequia Hospital Renovations,Poverty Alleviation,Saint Vincent and the Grenadines,Works,"Frederick Construction Inc. XCD 371,614.60",,Frederick Construction Inc.,XCD,371614.6,137635.04,https://www.caribank.org/sites/default/files/publication-resources/ContractAward_Works_BNTF_Bequia_Hospital_StVincent.pdf,https://www.caribank.org/work-with-us/procurement/contract-awards?solr_publication_contract_awards_years_filter=2015&page=1,CDB
2015,CDB2015-015,Establishment of a Central Revenue Authority: Consultancy to Develop a Branded Customer Service Experience at the Barbados Revenue Authority,Institutions,Barbados,Consultancy,"National Initiative for Service Excellence BDS 49,879.00",,National Initiative for Service Excellence,BDS,49879.0,24939.5,https://www.caribank.org/sites/default/files/publication-resources/CONTRACT-AWARD-INFORMATION_CONSULTANCY_SERVICES-Establishment-of-a-Central-Revenue-Authority.pdf,https://www.caribank.org/work-with-us/procurement/contract-awards?solr_publication_contract_awards_years_filter=2015&page=1,CDB
2015,CDB2015-016,"Belize Road Safety Project: Lot 4B – Hummingbird Highway, Forest Drive, Constitution Drive And Belmopan Ring Road",Transportation,Belize,Works,"Belize Roadway Construction Ltd. BZD 6,097,031.88",Belize,Roadway Construction Ltd.,BZD,6097031.88,3048515.94,https://www.caribank.org/sites/default/files/publication-resources/CONTRACT_AWARD_INFORMATION-WORKS-LOT-4B_Belize-Road-Safety-Project.pdf,https://www.caribank.org/work-with-us/procurement/contract-awards?solr_publication_contract_awards_years_filter=2015&page=1,CDB
2016,CDB2016-001,Wa-1 Network Upgrade Project- Water Audit Consultancy,Water Resource Management,Dominica,Consultancy,"FICHTNER GMBH &amp; CO. KG XCD 429,993.60",,FICHTNER GMBH &amp; CO. KG,XCD,429993.6,159256.89,https://www.caribank.org/sites/default/files/publication-resources/Contract-Award-Information-_Water-Audit-Consultancy_DOWASCO.pdf,https://www.caribank.org/work-with-us/procurement/contract-awards?solr_publication_contract_awards_years_filter=2016,CDB
2016,CDB2016-002,Rehabilitation of Wilton Cumberbatch Field,Poverty Alleviation,Belize,Works,"SM Construction BZD 905,879.04",,SM Construction,BZD,905879.04,452939.52,https://www.caribank.org/sites/default/files/publication-resources/Contract-Award-Information_Works_Wilton-Cumberbatch-Field_Belize.pdf,https://www.caribank.org/work-with-us/procurement/contract-awards?solr_publication_contract_awards_years_filter=2016,CDB
2016,CDB2016-003,"Carmelita Government Preschool Reconstruction, Orange Walk District",Education,Belize,Works,"LV &amp; Son’s Construction Ltd. BZD 257,890.89",,LV &amp; Son’s Construction Ltd.,BZD,257890.89,128945.45,https://www.caribank.org/sites/default/files/publication-resources/Contract-Award-Inforamtion_WORKS_BNTF_Carmelita-Preschool_Belize%281%29.pdf,https://www.caribank.org/work-with-us/procurement/contract-awards?solr_publication_contract_awards_years_filter=2016,CDB
2016,CDB2016-004,"Kuxlin Ha Primary School Reconstruction, Cayo District",Education,Belize,Works,"A.M. Construction Co. Ltd. BZD 893,630.99",,A.M. Construction Co. Ltd.,BZD,893630.99,446815.49,https://www.caribank.org/sites/default/files/publication-resources/Contract-Award-Information_WORKS_BNTF_KUXLIN-HA-Primary-School_Belize.pdf,https://www.caribank.org/work-with-us/procurement/contract-awards?solr_publication_contract_awards_years_filter=2016,CDB
2016,CDB2016-005,Settlement Upgrade Project: The Assessment of the Institutional Arrangements for Housing in Saint Lucia,Poverty Alleviation,Saint Lucia,Consultancy,"Profiles Consulting Inc USD 108,682.00",,Profiles Consulting Inc,USD,108682.0,108682.0,https://www.caribank.org/sites/default/files/publication-resources/Contract-Award-Information-Assessment-of-Institutional-Arrangements-for-Housing_StLucia.pdf,https://www.caribank.org/work-with-us/procurement/contract-awards?solr_publication_contract_awards_years_filter=2016,CDB
2017,CDB2017-001,Electrical Engineering Consultancy Services for the Electricity System Upgrade and Expansion Project,Climate,Suriname,Consultancy,"Fichtner GmbH &amp; Co. KG USD 2,218,400.00",,Fichtner GmbH &amp; Co. KG,USD,2218400.0,2218400.0,https://www.caribank.org/sites/default/files/publication-resources/Contract-Award-Information_Electrical-Engineering-Consultancy-Services_09012018-002%281%29.pdf,https://www.caribank.org/work-with-us/procurement/contract-awards?solr_publication_contract_awards_years_filter=2017,CDB
2017,CDB2017-002,Updating of a Feasibility Study and the Preparation of Detailed Designs for the Upgrading of the Coastal Highway – Belize,,Belize,Consultancy,"Politecnica Ingeneria Ed Architettura Societa Cooperativa USD 995,000.00",,Politecnica Ingeneria Ed Architettura Societa Cooperativa,USD,995000.0,995000.0,https://www.caribank.org/sites/default/files/publication-resources/Contract-Award-Information_Updating-Feasibility-Study_Preparation-of-Designs-for-Coastal-Highway_Belize.pdf,https://www.caribank.org/work-with-us/procurement/contract-awards?solr_publication_contract_awards_years_filter=2017,CDB
2017,CDB2017-003,Road Infrastructure Rehabilitation Project,Transportation,Antigua and Barbuda,Works,"Bahamas Hot Mix Co. Ltd. USD 14,992,213.06",,Bahamas Hot Mix Co. Ltd.,USD,14992213.06,14992213.06,https://www.caribank.org/sites/default/files/publication-resources/Contract-Award-Information-_Road-Infrastructure-Rehabilitation-Project_Antigua-and-Barbuda.pdf,https://www.caribank.org/work-with-us/procurement/contract-awards?solr_publication_contract_awards_years_filter=2017,CDB
2017,CDB2017-004,Baseline Survey for “Building Adaptive Capacity and Resilience to Climate Change in Toledo” Project in Belize,Climate,Belize,Consultancy,"Consortium Equal Chance @ Green Development and Praxis5 USD 72,735.00",,Consortium Equal Chance @ Green Development and Praxis5,USD,72735.0,72735.0,https://www.caribank.org/sites/default/files/publication-resources/Contract-Award-Information_CDRRF-HPPB-Baseline-Survey.pdf,https://www.caribank.org/work-with-us/procurement/contract-awards?solr_publication_contract_awards_years_filter=2017,CDB
2017,CDB2017-005,Road User Education and Awareness Component- Road Safety Project– Belize,Transportation,Belize,Consultancy,"Ignite Limited BZD 109,435.00",,Ignite Limited,BZD,109435.0,54717.5,https://www.caribank.org/sites/default/files/publication-resources/Contract-Award-Information_Road-Safety-Project_Road-User-Education-and-Awareness_Belize.pdf,https://www.caribank.org/work-with-us/procurement/contract-awards?solr_publication_contract_awards_years_filter=2017,CDB
2017,CDB2017-006,Design and Delivery of Online and Face-to-Face Public Policy Analysis and Management Training,Institutions,Regional,Consultancy,"Dods Training (Westminster Explained) USD 804,250",,Dods Training (Westminster Explained),USD,804250.0,804250.0,https://www.caribank.org/sites/default/files/publication-resources/Contract-Award-Information_Public-Policy-Analysis-and-Management-Training.pdf,https://www.caribank.org/work-with-us/procurement/contract-awards?solr_publication_contract_awards_years_filter=2017,CDB
2017,CDB2017-007,Monitoring & Evaluation of Public Policy Analysis and Management (PPAM) and Project Cycle Management (PCM) Training Project,Institutions,Regional,Consultancy,"MindBloom Consulting USD 187,000.00",,MindBloom Consulting,USD,187000.0,187000.0,https://www.caribank.org/sites/default/files/publication-resources/Contract-Award-Information_Monitoring-and-Evaluation-Training-Project.pdf,https://www.caribank.org/work-with-us/procurement/contract-awards?solr_publication_contract_awards_years_filter=2017,CDB
2017,CDB2017-008,Mid-Term Evaluation of the Community Disaster Risk Reduction Fund (CDRRF) Project,Climate,Regional,Consultancy,"Universalia Management Group Ltd. USD 59,819.00",,Universalia Management Group Ltd.,USD,59819.0,59819.0,https://www.caribank.org/sites/default/files/publication-resources/Contract-Award-Information_CDRRF-Mid-Term-Evaluation.pdf,https://www.caribank.org/work-with-us/procurement/contract-awards?solr_publication_contract_awards_years_filter=2017,CDB
2017,CDB2017-009,Equipment for Materials Laboratory for Road Infrastructure Rehabilitation Project,Transportation,Antigua and Barbuda,Goods,"Sotex International Ltd USD $122,029.48",,Sotex International Ltd,USD,122029.48,122029.48,https://www.caribank.org/sites/default/files/publication-resources/Contract-Award-Information_Supply-of-Equipment-for-Materials-Laboratory_Antigua.pdf,https://www.caribank.org/work-with-us/procurement/contract-awards?solr_publication_contract_awards_years_filter=2017,CDB
2017,CDB2017-010,Feasibility Study and Action Plan for the Digitalisation of Caribbean Music and Capacity Building Initiative Project,Financial Services,Regional,Consultancy,"Policy Networks International Inc. USD 145,580.00",,Policy Networks International Inc.,USD,145580.0,145580.0,https://www.caribank.org/sites/default/files/publication-resources/ContractAwardInformation_FeasibilityStudy_DigitalisationofCaribbeanMusic.pdf,https://www.caribank.org/work-with-us/procurement/contract-awards?solr_publication_contract_awards_years_filter=2017,CDB
2018,CDB2018-001,Fourth Road (Santa Elena/San Ignacio Bypass) Project: Lot #3- Branch Mouth to Joseph Andrews Drive,Transportation,Belize,Works,"Cisco Construction Ltd. BZD 3,873,059.43",,Cisco Construction Ltd.,BZD,3873059.43,1936529.72,https://www.caribank.org/sites/default/files/publication-resources/Contract-Award-Information-Lot-3_Branch-Mouth-to-Joseph-Andrews-Drive_Fourth-Road-Project_Belize.pdf,https://www.caribank.org/work-with-us/procurement/contract-awards?solr_publication_contract_awards_years_filter=2018,CDB
2018,CDB2018-002,John Compton Dam Rehabilitation Project: Institutional Strengthening of the Finance and Accounting Department of WASCO,Water Resource Management,Saint Lucia,Consultancy,"PKF Professional Services USD 146,114.81",,PKF Professional Services,USD,146114.81,146114.81,https://www.caribank.org/sites/default/files/publication-resources/Contract-Award-Information_Institutional-Strengthening-of-Finance-and-Accounting-Department_WASCO.pdf,https://www.caribank.org/work-with-us/procurement/contract-awards?solr_publication_contract_awards_years_filter=2018,CDB
2018,CDB2018-003,Contract Award Information Placencia Peninsula Wastewater Management Project,,Belize,Consultancy,"CBCL Ltd. US$ 899,098.00",,CBCL Ltd.,US$,899098.0,899098.0,https://www.caribank.org/sites/default/files/publication-resources/Contract-Award-Information-NFT-Sudy.pdf,https://www.caribank.org/work-with-us/procurement/contract-awards?solr_publication_contract_awards_years_filter=2018,CDB
2018,CDB2018-004,Grid-Interactive Solar Photovoltaic with Battery Storage Electric Systems and Accessories for Schools & Clinics,Climate,Antigua and Barbuda,Goods,"Green Tech Solar and Antigua Computer Technology Ltd. USD 938,017.44",,Green Tech Solar and Antigua Computer Technology Ltd.,USD,938017.44,938017.44,https://www.caribank.org/sites/default/files/publication-resources/Contract-Award-Information_Goods_Solar-Photovoltaic-Systems-and-Accessories-for-Schools_Antigua.pdf,https://www.caribank.org/work-with-us/procurement/contract-awards?solr_publication_contract_awards_years_filter=2018,CDB
2018,CDB2018-005,Fifth Road (Washington Boulevard) Project,Transportation,Jamaica,Works,"Surrey Paving and Aggregate Co. Ltd. JA$ 1,176,184,636 .05",,Surrey Paving and Aggregate Co. Ltd.,JA$,1176184636.05,9126800.43,https://www.caribank.org/sites/default/files/publication-resources/Fifth-Road-Washington-Boulevard-Project-Jamaica.pdf,https://www.caribank.org/work-with-us/procurement/contract-awards?solr_publication_contract_awards_years_filter=2018,CDB
2018,CDB2018-006,Kendal Bridge Rehabilitation,Transportation,Belize,Works,"Cisco Construction Ltd. of Belize BZD 11,899,079.35",,Cisco Construction Ltd. of Belize,BZD,11899079.35,5949539.67,https://www.caribank.org/sites/default/files/publication-resources/Kendal-Bridge-Rehabilitation-Belize.pdf,https://www.caribank.org/work-with-us/procurement/contract-awards?solr_publication_contract_awards_years_filter=2018,CDB
2018,CDB2018-007,Santa Elena/San Ignacio By-pass Project,Transportation,Belize,Works,"Cisco Construction Ltd. BZD 5,449,401.60",,Cisco Construction Ltd.,BZD,5449401.6,2724700.8,https://www.caribank.org/sites/default/files/publication-resources/FourthRoad-_Santa-Elena_SanIgnacioByPass_Project_Belize.pdf,https://www.caribank.org/work-with-us/procurement/contract-awards?solr_publication_contract_awards_years_filter=2018,CDB
2019,CDB2019-001,"Lot 1- Settlement Upgrading Project Construction of Residential Accesses, Drains and Footpaths",Infrastructure,Saint Lucia,Works,"St. Lucia- Construction and Industrial Equipment Limited XCD 1,915,923.77",St. Lucia,- Construction and Industrial Equipment Limited,XCD,1915923.77,709601.4,https://www.caribank.org/sites/default/files/publication-resources/Contract%20award%20information%20-%20NCB%20Lot%201.pdf,https://www.caribank.org/work-with-us/procurement/contract-awards?solr_publication_contract_awards_years_filter=2019,CDB
2019,CDB2019-002,"Lot 2- Settlement Upgrading Project Construction of Residential Accesses, Drains and Footpaths",Infrastructure,Saint Lucia,Works,"St. Lucia- Phoenix Construction Company Limited XCD 1,743,722.05",St. Lucia,- Phoenix Construction Company Limited,XCD,1743722.05,645822.98,https://www.caribank.org/sites/default/files/publication-resources/Contract%20award%20information%20-%20NCB%20Lot%202.pdf,https://www.caribank.org/work-with-us/procurement/contract-awards?solr_publication_contract_awards_years_filter=2019,CDB
2019,CDB2019-003,"Lot 3- Settlement Upgrading Project Construction of Residential Accesses, Drains and Footpaths",Infrastructure,Saint Lucia,Works,"St. Lucia- Construction and Industrial Equipment Limited XCD 2,357,114.05",St. Lucia,- Construction and Industrial Equipment Limited,XCD,2357114.05,873005.2,https://www.caribank.org/sites/default/files/publication-resources/Contract%20award%20information%20-%20NCB%20Lot%203.pdf,https://www.caribank.org/work-with-us/procurement/contract-awards?solr_publication_contract_awards_years_filter=2019,CDB
2019,CDB2019-004,SOLAR HYBRID PLANT CORONIE AND NIKERIE,Climate,Suriname,Works,"China - Sumec, Complete Equipment &amp; Engineering Co.,Ltd. US$8, 306,324",China,"- Sumec, Complete Equipment &amp; Engineering Co.,Ltd.",US$,8306324.0,8306324.0,https://www.caribank.org/sites/default/files/publication-resources/CONTRACT_AWARD_INFORMATION%20_SOLAR%20PLANTS_V2.pdf,https://www.caribank.org/work-with-us/procurement/contract-awards?solr_publication_contract_awards_years_filter=2019,CDB
2019,CDB2019-005,STREET LIGHTING RETROFIT AND ADVANCED METERING INFRASTRUCTURE PROJECT,Climate,Suriname,Consultancy,"Canada - Golder Associates LTD. US$ 39,480",Canada,- Golder Associates LTD.,US$,39480.0,39480.0,https://www.caribank.org/sites/default/files/publication-resources/Contract-Award-Information-Golder.pdf,https://www.caribank.org/work-with-us/procurement/contract-awards?solr_publication_contract_awards_years_filter=2019,CDB
2019,CDB2019-006,FEASIBILITY STUDY AND PREPARING DETAILED DESIGNS FOR THE UPGRADE OF THE LETHEM AERODROME,Transportation,Guyana,Consultancy,"Guyana &amp; Trinidad - CEMCO Inc. in association with C&amp;H Associates Limited US$ 976,700.00",Guyana,&amp; Trinidad - CEMCO Inc. in association with C&amp;H Associates Limited,US$,976700.0,976700.0,https://www.caribank.org/sites/default/files/publication-resources/CONTRACT%20AWARD%20INFORMATION%28CONSULTANCY_SERVICES%29%20-%20Lethem%20Aerodrome%20Feasibility.pdf,https://www.caribank.org/work-with-us/procurement/contract-awards?solr_publication_contract_awards_years_filter=2019,CDB
2019,CDB2019-007,"Feasibility study, and prepare detailed designs, drawings, cost estimates and bid documents for the construction of a bridge at Wismar, Linden",Transportation,Guyana,Consultancy,"Italy- Politecnica Ingegneria ed Architettura Società Cooperativa US$700,000.00",Italy,- Politecnica Ingegneria ed Architettura Società Cooperativa,US$,700000.0,700000.0,https://www.caribank.org/sites/default/files/publication-resources/CONTRACT%20AWARD%20INFORMATION%28CONSULTANCY_SERVICES%29%20-%20Wismar%20Bridge%20Feasibility%20.pdf,https://www.caribank.org/work-with-us/procurement/contract-awards?solr_publication_contract_awards_years_filter=2019,CDB
2019,CDB2019-008,"Lot 4 Works site 8: N 78 Village to Line Path, Corentyne",Transportation,Guyana,Works,"Guyana- B K International Inc. US$4,760,512.90",Guyana,- B K International Inc.,US$,4760512.9,4760512.9,https://www.caribank.org/sites/default/files/publication-resources/CDB-SFR-OR-GUY2019-018%20Contract%20Award%20Information_Lot%204%20CDB.pdf,https://www.caribank.org/work-with-us/procurement/contract-awards?solr_publication_contract_awards_years_filter=2019,CDB
2019,CDB2019-009,"Lot 5 Works site 4: Grove/lookout, East Bank Essequibo",Transportation,Guyana,Works,"Guyana- B K International Inc. US$2,030,933.85",Guyana,- B K International Inc.,US$,2030933.85,2030933.85,https://www.caribank.org/sites/default/files/publication-resources/CDB-SFR-OR-GUY2019-019%20Contract%20Award%20Information_Lot%205%20CDB.pdf,https://www.caribank.org/work-with-us/procurement/contract-awards?solr_publication_contract_awards_years_filter=2019,CDB
2019,CDB2019-010,AIRPORT AIRFIELD AND GROUND SIDE PAVEMENT IMPROVEMENTS AND REHABILITATION,Infrastructure,Barbados,Works,"Barbados/ Canada JADA Builders Inc./Dexter Construction Company Limited US$44,687,568.49",Barbados; Canada,JADA Builders Inc./Dexter Construction Company Limited,US$,44687568.49,44687568.49,https://www.caribank.org/sites/default/files/publication-resources/CDB%20CONTRACT%20AWARD%20INFORMATION%20revised.pdf,https://www.caribank.org/work-with-us/procurement/contract-awards?solr_publication_contract_awards_years_filter=2019,CDB
2019,CDB2019-011,Design and Supervision of Infrastructure Works for the Crique Jute Village Rudimentary Water System Sub-project,Infrastructure,Belize,Consultancy,"Belize- Mitchell-Moody Associates with Keith Hardwick and Tunich-Nah Consultants &amp; Engineering BZD $170,977.50",Belize,- Mitchell-Moody Associates with Keith Hardwick and Tunich-Nah Consultants &amp; Engineering,BZD,170977.5,85488.75,https://www.caribank.org/sites/default/files/publication-resources/Contract-Award-Information-Consultancy%20Services%20for%20Crique%20Jute.pdf,https://www.caribank.org/work-with-us/procurement/contract-awards?solr_publication_contract_awards_years_filter=2019&page=1,CDB
2019,CDB2019-012,Design and Supervision of Infrastructure Works for the San Jose Village – San Pablo Village Joint Rudimentary Water Systems Sub-projects,Infrastructure,Belize,Consultancy,"Belize- : Mitchell-Moody Associates with Keith Hardwick and Tunich-Nah Consultants &amp; Engineering BZD $149,180.63",Belize,- : Mitchell-Moody Associates with Keith Hardwick and Tunich-Nah Consultants &amp; Engineering,BZD,149180.63,74590.32,https://www.caribank.org/sites/default/files/publication-resources/Contract-Award-Information-Consultancy%20Services%20for%20San%20Jose%20Village%20and%20San%20Pablo%20Village.pdf,https://www.caribank.org/work-with-us/procurement/contract-awards?solr_publication_contract_awards_years_filter=2019&page=1,CDB
2019,CDB2019-013,BEPII Expansion and Rehabilitation of Sir McChesney George Secondary School,Infrastructure,Antigua and Barbuda,Works,"Antigua- Harrigan Building Construction USD 3,271,781.93",,Antigua- Harrigan Building Construction,USD,3271781.93,3271781.93,https://www.caribank.org/sites/default/files/publication-resources/Contract-Award-Information-%20%20Works%20-%20St.%20Mary%27s%20%20Secondary%20School_0.pdf,https://www.caribank.org/work-with-us/procurement/contract-awards?solr_publication_contract_awards_years_filter=2019&page=1,CDB
2019,CDB2019-014,RRL Expansion and Rehabilitation of Sir McChesney George Secondary School,Infrastructure,Antigua and Barbuda,Works,"Antigua- Harrigan Building Construction USD 3,414,368.89",,Antigua- Harrigan Building Construction,USD,3414368.89,3414368.89,https://www.caribank.org/sites/default/files/publication-resources/Contract-Award-Information-%20%20Works%20-%20Sir%20McChesney%20George%20Secondary%20School_RRL.pdf,https://www.caribank.org/work-with-us/procurement/contract-awards?solr_publication_contract_awards_years_filter=2019&page=1,CDB
2019,CDB2019-015,FEASIBILITY STUDY AND PREPARING DETAILED DESIGNS FOR THE CONSTRUCTION OF A NEW STELLING AT PARIKA,Infrastructure,Guyana,Consultancy,"Antigua/Guyana- Mott MacDonald in association with SRKN’gineering GBP $610,455.80",,Antigua/Guyana- Mott MacDonald in association with SRKN’gineering,GBP,610455.8,778449.25,https://www.caribank.org/sites/default/files/publication-resources/CONTRACT%20AWARD%20INFORMATION%28CONSULTANCY_SERVICES%29%20-%20Parika%20Stelling%20Feasibility%20%281%29.pdf,https://www.caribank.org/work-with-us/procurement/contract-awards?solr_publication_contract_awards_years_filter=2019&page=1,CDB
2019,CDB2019-016,Design and Supervision of Infrastructure Works for the St. Michael’s RC Primary School,Infrastructure,Belize,Consultancy,"Belize- Young’s Engineering Consultancy Ltd. BZD $180,504.00",Belize,- Young’s Engineering Consultancy Ltd.,BZD,180504.0,90252.0,https://www.caribank.org/sites/default/files/publication-resources/Contract-Award-Information-Consultancy%20Services%20for%20St.%20Michaels.pdf,https://www.caribank.org/work-with-us/procurement/contract-awards?solr_publication_contract_awards_years_filter=2019&page=1,CDB
2019,CDB2019-017,Design and Supervision of Infrastructure Works for the Louisiana Government Primary School,Infrastructure,Belize,Consultancy,"Belize- Young’s Engineering Consultancy Ltd BZD $180,225.00",Belize,- Young’s Engineering Consultancy Ltd,BZD,180225.0,90112.5,https://www.caribank.org/sites/default/files/publication-resources/Contract-Award-Information-Consultancy%20Services%20for%20Louisiana.pdf,https://www.caribank.org/work-with-us/procurement/contract-awards?solr_publication_contract_awards_years_filter=2019&page=1,CDB
2019,CDB2019-018,Design and Supervision of Infrastructure Works for the San Isidro Government Primary School,Infrastructure,Belize,Consultancy,"Belize- Anthony Thurton and Associates Ltd. BZD $194,287.50",Belize,- Anthony Thurton and Associates Ltd.,BZD,194287.5,97143.75,https://www.caribank.org/sites/default/files/publication-resources/Contract-Award-Information-Consultancy%20Services%20for%20San%20Isidro.pdf,https://www.caribank.org/work-with-us/procurement/contract-awards?solr_publication_contract_awards_years_filter=2019&page=1,CDB
2019,CDB2019-019,Condition Survey of Infrastructure and Equipment of the Faculty of Sports,Education,Regional,Consultancy,"Canada / Barbados- Stantec Consulting Caribbean Limited USD $130,000",Canada; Barbados,- Stantec Consulting Caribbean Limited,USD,130000.0,130000.0,https://www.caribank.org/sites/default/files/publication-resources/CDB%20Award%20-%20Consultants_GA196_REG.pdf,https://www.caribank.org/work-with-us/procurement/contract-awards?solr_publication_contract_awards_years_filter=2019&page=1,CDB
2019,CDB2019-020,"Energy Audits for Public Buildings, Waste Water & Water Treatment Plants in the Commonwealth of DOMINICA",Climate,Dominica,Consultancy,"Trinidad and Tobago - Energy Dynamics Ltd. US$ 83,149.38",Trinidad and Tobago,- Energy Dynamics Ltd.,US$,83149.38,83149.38,https://www.caribank.org/sites/default/files/publication-resources/Contract%20Award%20Information%20-%20Consultancy%20Services%20-%20DOMINICA%20Energy%20Audits_0.pdf,https://www.caribank.org/work-with-us/procurement/contract-awards?solr_publication_contract_awards_years_filter=2019&page=1,CDB
2019,CDB2019-021,Condition Survey of Infrastructure and Equipment of the Faculty of Sport,Infrastructure,Regional,Consultancy,"Canada / Barbados - Stantec Consulting Caribbean Ltd. US$ 130,000.00",Canada; Barbados,- Stantec Consulting Caribbean Ltd.,US$,130000.0,130000.0,https://www.caribank.org/sites/default/files/publication-resources/CDB%20Award%20-%20Consultants_GA196_REG%20%281%29.pdf,https://www.caribank.org/work-with-us/procurement/contract-awards?solr_publication_contract_awards_years_filter=2019&page=2,CDB
2019,CDB2019-022,Antigua and Barbuda Basic Education Project II,Education,United Kingdom,Consultancy,"Real Group UK and E-Learning, Psychology Assessment and Training Consultancy Firm USD 22,000",,"Real Group UK and E-Learning, Psychology Assessment and Training Consultancy Firm",USD,22000.0,22000.0,,https://www.caribank.org/work-with-us/procurement/contract-awards?solr_publication_contract_awards_years_filter=2019&page=2,CDB
2019,CDB2019-023,Antigua and Barbuda Street Light Retrofitting,Climate,Barbados,Consultancy,"USD 4,527,140.00 USD 22,000",,"USD 22,000",USD,4527140.0,4527140.0,,https://www.caribank.org/work-with-us/procurement/contract-awards?solr_publication_contract_awards_years_filter=2019&page=2,CDB
2019,CDB2019-024,Design and Supervision of Antigua and Barbuda 2nd Road Infrastructure Rehabilitation,Infrastructure,Saint Lucia,Consultancy,"Engineering Construction &amp; Management Consulting (ECMC) Ltd USD 828,911.00",,Engineering Construction &amp; Management Consulting (ECMC) Ltd,USD,828911.0,828911.0,,https://www.caribank.org/work-with-us/procurement/contract-awards?solr_publication_contract_awards_years_filter=2019&page=2,CDB
2019,CDB2019-025,Barbados Water Supply Network Upgrade,Infrastructure,Barbados,Works,"Jada Builders Inc. USD 13,238,914.73",,Jada Builders Inc.,USD,13238914.73,13238914.73,,https://www.caribank.org/work-with-us/procurement/contract-awards?solr_publication_contract_awards_years_filter=2019&page=2,CDB
2019,CDB2019-026,Impact and Institutional Assessment of Belize Social Investment Fund,Private Sector Development,Belize,Consultancy,"Maxwell Stamp PLC USD 159,140.25",,Maxwell Stamp PLC,USD,159140.25,159140.25,,https://www.caribank.org/work-with-us/procurement/contract-awards?solr_publication_contract_awards_years_filter=2019&page=2,CDB
2019,CDB2019-027,Barbados Reservoir Replacement and Refurbishment,Water Resource Management,Barbados,Works,"Innotech Services Limited USD 15,565,523.33",,Innotech Services Limited,USD,15565523.33,15565523.33,,https://www.caribank.org/work-with-us/procurement/contract-awards?solr_publication_contract_awards_years_filter=2019&page=2,CDB
2019,CDB2019-028,Belize Education Sector Reform Design and Construction Supervision Services,Infrastructure,Belize,Works,"Anthony Thurton and Associates USD 1,000,000.00",,Anthony Thurton and Associates,USD,1000000.0,1000000.0,,https://www.caribank.org/work-with-us/procurement/contract-awards?solr_publication_contract_awards_years_filter=2019&page=2,CDB
2019,CDB2019-029,Belize Education Sector Reform,Education,Canada,Consultancy,"Mind Bloom Consulting USD 190,450.00",,Mind Bloom Consulting,USD,190450.0,190450.0,,https://www.caribank.org/work-with-us/procurement/contract-awards?solr_publication_contract_awards_years_filter=2019&page=2,CDB
2019,CDB2019-030,Youth and Community Transformation (YCT),Youth,Belize,Consultancy,"Galen University Belize USD 7,500.00",,Galen University Belize,USD,7500.0,7500.0,,https://www.caribank.org/work-with-us/procurement/contract-awards?solr_publication_contract_awards_years_filter=2019&page=2,CDB
2019,CDB2019-031,Youth Resilience and Inclusive Social Empowerment (RISE),Youth,Belize,Consultancy,"WKC Enterprise USD 69,760.73",,WKC Enterprise,USD,69760.73,69760.73,,https://www.caribank.org/work-with-us/procurement/contract-awards?solr_publication_contract_awards_years_filter=2019&page=3,CDB
2019,CDB2019-032,British Virgin Islands NDM - Infrastructure and Rehabilitation,Infrastructure,British Virgin Islands,Works,"Autland Heavy Equipment Co. Limited USD 1,741,000.91",,Autland Heavy Equipment Co. Limited,USD,1741000.91,1741000.91,,https://www.caribank.org/work-with-us/procurement/contract-awards?solr_publication_contract_awards_years_filter=2019&page=3,CDB
2019,CDB2019-033,British Virgin Islands Design and Supervision for Reconstruction and Rehabilitation post Hurricane Irma,Infrastructure,Saint Lucia,Consultancy,"FDL Consult Inc. USD 408,000.00",,FDL Consult Inc.,USD,408000.0,408000.0,,https://www.caribank.org/work-with-us/procurement/contract-awards?solr_publication_contract_awards_years_filter=2019&page=3,CDB
2019,CDB2019-034,BVI Department of Disaster Management building design and Supervision,Infrastructure,Regional,Consultancy,"Virella Crespo &amp; Associates USD 468,671.50",,Virella Crespo &amp; Associates,USD,468671.5,468671.5,,https://www.caribank.org/work-with-us/procurement/contract-awards?solr_publication_contract_awards_years_filter=2019&page=3,CDB
2019,CDB2019-035,Psycho-Social Support under BVI Rehabilitation and Reconstruction Post Hurricane Irma,,Regional,Consultancy,"Pan American Health Organization (PAHO) USD 354,088.00",,Pan American Health Organization (PAHO),USD,354088.0,354088.0,,https://www.caribank.org/work-with-us/procurement/contract-awards?solr_publication_contract_awards_years_filter=2019&page=3,CDB
2019,CDB2019-036,BVI design and construction management of several Government buildings Post Hurricane Irma,Climate,British Virgin Islands,Consultancy,"Trojan Design &amp; Development Ltd. USD 323,350.00",,Trojan Design &amp; Development Ltd.,USD,323350.0,323350.0,,https://www.caribank.org/work-with-us/procurement/contract-awards?solr_publication_contract_awards_years_filter=2019&page=3,CDB
2019,CDB2019-037,British Virgin Islands CCTV infrastructure network.,,British Virgin Islands,Consultancy,"Russell Jones DBA &quot;Russell Jones Consultants&quot; USD 140,000.00",,Russell Jones DBA &quot;Russell Jones Consultants&quot;,USD,140000.0,140000.0,,https://www.caribank.org/work-with-us/procurement/contract-awards?solr_publication_contract_awards_years_filter=2019&page=3,CDB
2019,CDB2019-038,Dominica Construction of Emergency/ resource shelter,Infrastructure,Dominica,Works,"ROYC Real Estate and Construction Co. Ltd. USD 867,467.69",,ROYC Real Estate and Construction Co. Ltd.,USD,867467.69,867467.69,,https://www.caribank.org/work-with-us/procurement/contract-awards?solr_publication_contract_awards_years_filter=2019&page=3,CDB
2019,CDB2019-039,Construction of Potable Water Distribution System,Water Resource Management,The Bahamas,Works,"BHM Co. Ltd. BSD $1,991,650.46",,BHM Co. Ltd.,BSD,1991650.46,1991650.46,https://www.caribank.org/sites/default/files/publication-resources/Bahamas%20Water%20Imp%20Project-%20Contract%20Award%20Info%20For%20Crooked%20Island.pdf,https://www.caribank.org/work-with-us/procurement/contract-awards?solr_publication_contract_awards_years_filter=2019&page=3,CDB
2019,CDB2019-040,Construction of Potable Water Distribution System -Long Island Lots 3 & 4,Water Resource Management,The Bahamas,Works,"BHM Co. Ltd. Bahamas BSD $4,092,720.03",,BHM Co. Ltd. Bahamas,BSD,4092720.03,4092720.03,https://www.caribank.org/sites/default/files/publication-resources/Bahamas%20Water%20Imp%20Project-%20Contract%20Award%20Info%20For%20Long%20Island.pdf,https://www.caribank.org/work-with-us/procurement/contract-awards?solr_publication_contract_awards_years_filter=2019&page=3,CDB
2019,CDB2019-041,"Environmental & Social Impact Assessment, Grenada Geothermal Energy Development – Exploratory Test Drilling Phase",Climate,Grenada,Consultancy,"Mott MacDonald Ltd USD 332,949.00",,Mott MacDonald Ltd,USD,332949.0,332949.0,https://www.caribank.org/sites/default/files/publication-resources/Grenada%20Geothermal%20ESIA%20-%20Notice%20of%20Contract%20Award%20%28002%29.pdf,https://www.caribank.org/work-with-us/procurement/contract-awards?solr_publication_contract_awards_years_filter=2019&page=4,CDB
2020,CDB2020-001,INFRASTRUCTURE WORKS: CAT ISLAND LOTS 1 AND 2,Infrastructure,The Bahamas,Works,"The Bahamas-Island Site Development Ltd BAH$ 3,143,978.13",The Bahamas,-Island Site Development Ltd BAH,$,3143978.13,3143978.13,https://www.caribank.org/sites/default/files/publication-resources/CONTRACT%20AWARD%20INFORMATION%20FOR%20CDB_bahamas.pdf,https://www.caribank.org/work-with-us/procurement/contract-awards?solr_publication_contract_awards_years_filter=2020,CDB
2020,CDB2020-002,CONSTRUCTION OF ANGUILLA COMMUNITY COLLEGE PHASE 1,Infrastructure,Anguilla,Works,Anguilla- Quality Construction Limited Limited 4. Final Awarded Price: XCD,,Anguilla- Quality Construction Limited Limited 4. Final Awarded Price: XCD,,,,https://www.caribank.org/sites/default/files/publication-resources/2020-12-16%20AWARD%20ACC%20Works%20Phase%201.pdf,https://www.caribank.org/work-with-us/procurement/contract-awards?solr_publication_contract_awards_years_filter=2020,CDB
2020,CDB2020-003,PREPARATION OF A FEASIBILITY STUDY AND DETAILED DESIGNS FOR UPGRADING OF THE WESTERN MAIN ROAD CORRIDOR,Infrastructure,Grenada,Consultancy,"The Bahamas- Caribbean Civil Group Ltd. XCD 3,555,382.02",The Bahamas,- Caribbean Civil Group Ltd.,XCD,3555382.02,1316808.16,https://www.caribank.org/sites/default/files/publication-resources/2020-12-16%20AWARD%20-%20Feasibility%20Study.pdf,https://www.caribank.org/work-with-us/procurement/contract-awards?solr_publication_contract_awards_years_filter=2020,CDB
2020,CDB2020-004,CIVIL WORKS DESIGN AND CONSTRUCTION SUPERVISION,Infrastructure,Antigua and Barbuda,Consultancy,"St. Lucia/UK- FDL Consulting and IMC Worldwide USD $839,000",St. Lucia,/UK- FDL Consulting and IMC Worldwide,USD,839000.0,839000.0,https://www.caribank.org/sites/default/files/publication-resources/Contract-Award-Information-FDL.pdf,https://www.caribank.org/work-with-us/procurement/contract-awards?solr_publication_contract_awards_years_filter=2020,CDB
2020,CDB2020-005,Design and Project Supervision of the Montserrat Port Development Project,Infrastructure,Montserrat,Consultancy,"Canada-STANTEC Consultants International USD 1,679,882.59",Canada,-STANTEC Consultants International,USD,1679882.59,1679882.59,https://www.caribank.org/sites/default/files/publication-resources/Summary%20of%20Scores%20for%20Consultancy%20Montserrat%20Port%20Development%20Project.pdf,https://www.caribank.org/work-with-us/procurement/contract-awards?solr_publication_contract_awards_years_filter=2020,CDB
2020,CDB2020-006,Thematic Evaluation of CDB’s work through Development Financial Institutions and Other Financial Intermediaries (2012-19),Financial Services,CDB,Consultancy,"Germany- BKP Economic Advisors GmbH USD161,000.00",Germany,- BKP Economic Advisors GmbH,USD,161000.0,161000.0,https://www.caribank.org/sites/default/files/publication-resources/Contract-Award-Information-Template_Consultancy%20Services_DFI.pdf,https://www.caribank.org/work-with-us/procurement/contract-awards?solr_publication_contract_awards_years_filter=2020,CDB
2020,CDB2020-007,Supply of Backhoe – Pipe Storage Yard Equipment,Food Security,Jamaica,Goods,"Jamaica-Stewart’s Auto Sales trading as Stewart Industrial US$167,500.00",Jamaica,-Stewart’s Auto Sales trading as Stewart Industrial,US$,167500.0,167500.0,https://www.caribank.org/sites/default/files/publication-resources/Publication_Contract-Award-Supply_of_Pipe_Storage_Yard_Equipment.pdf,https://www.caribank.org/work-with-us/procurement/contract-awards?solr_publication_contract_awards_years_filter=2020,CDB
2020,CDB2020-008,Supply of Project Vehicles- Southern Plains Agricultural Development Project,Food Security,Jamaica,Goods,"Jamaica- ATL Automotive JMD12,440,000",Jamaica,- ATL Automotive,JMD,12440000.0,87357.81,https://www.caribank.org/sites/default/files/publication-resources/Publication_Contract-Award-Supply_Project_Vehicles_SPAD.pdf,https://www.caribank.org/work-with-us/procurement/contract-awards?solr_publication_contract_awards_years_filter=2020,CDB
2020,CDB2020-009,Charles E. Mills Secondary – St. Kitts (Renovations of TVET Space),Infrastructure,Saint Kitts and Nevis,Works,"St. Kitts and Nevis- Lennox Warner &amp; Partner XCD$976,111.57",St. Kitts and Nevis,- Lennox Warner &amp; Partner,XCD,976111.57,361522.8,https://www.caribank.org/sites/default/files/publication-resources/CONTRACT%20AWARD%20INFORMATION%20-%20CEMSS.pdf,https://www.caribank.org/work-with-us/procurement/contract-awards?solr_publication_contract_awards_years_filter=2020,CDB
2020,CDB2020-010,"Lot 1- Settlement Upgrading Project Construction of Residential Accesses, Drains and Footpaths – Bexon P1A",Infrastructure,Saint Lucia,Works,"St. Lucia - Dean Nicholas XCD 1,853,717.35",St. Lucia,- Dean Nicholas,XCD,1853717.35,686561.98,https://www.caribank.org/sites/default/files/publication-resources/Contract%20award%20information%20-%20Bexon%20P1A.pdf,https://www.caribank.org/work-with-us/procurement/contract-awards?solr_publication_contract_awards_years_filter=2020,CDB
2020,CDB2020-011,"Lot 2- Settlement Upgrading Project Construction of Residential Accesses, Drains and Footpaths – Bexon P1B",Infrastructure,Saint Lucia,Works,"St. Lucia - Jamecob’s Quality Construction Limited XCD 2,370,142.95",St. Lucia,- Jamecob’s Quality Construction Limited,XCD,2370142.95,877830.72,https://www.caribank.org/sites/default/files/publication-resources/Contract%20award%20information%20-%20Bexon%20P1B%20.pdf,https://www.caribank.org/work-with-us/procurement/contract-awards?solr_publication_contract_awards_years_filter=2020&page=1,CDB
2020,CDB2020-012,"Lot 3- Settlement Upgrading Project Construction of Residential Accesses, Drains and Footpaths – Bexon P1C",Infrastructure,Saint Lucia,Works,"St. Lucia - Jamecob’s Quality Construction Limited XCD 943,394.85",St. Lucia,- Jamecob’s Quality Construction Limited,XCD,943394.85,349405.5,https://www.caribank.org/sites/default/files/publication-resources/Contract%20award%20information%20-%20Bexon%20P1C.pdf,https://www.caribank.org/work-with-us/procurement/contract-awards?solr_publication_contract_awards_years_filter=2020&page=1,CDB
2020,CDB2020-013,"Consultancy Services for the Engineering Supervision of construction of civil works in connection with the Sixth Road (Coastal Highway Upgrading) Project, including post-construction activities",Infrastructure,Belize,Consultancy,"Italy- Politecnica Ingegneria Ed. Architettura Societa Cooperativa USD$2,640,000.00",Italy,- Politecnica Ingegneria Ed. Architettura Societa Cooperativa,USD,2640000.0,2640000.0,https://www.caribank.org/sites/default/files/publication-resources/Contract%20Award%20for%20Consultancy%20Services_Belize_6th%20road%20project.pdf,https://www.caribank.org/work-with-us/procurement/contract-awards?solr_publication_contract_awards_years_filter=2020&page=1,CDB
2020,CDB2020-014,SECOND ROAD INFRASTRUCTURE REHABILITATION PROJECT – DESIGN BUILD WORKS,Infrastructure,Antigua and Barbuda,Works,"Barbados- C.O. Williams Construction Ltd XCD 63,089,034.15",Barbados,- C.O. Williams Construction Ltd,XCD,63089034.15,23366308.94,https://www.caribank.org/sites/default/files/publication-resources/Contract-Award-Information_AB2ndRIRP_C.O.%20Williams.pdf,https://www.caribank.org/work-with-us/procurement/contract-awards?solr_publication_contract_awards_years_filter=2020&page=1,CDB
2020,CDB2020-015,"BELMOPAN POLYCLINC CONSTRUCTION, CITY OF BELMOPAN, CAYO DISTRICT, BELIZE (BSIF III)",Infrastructure,Belize,Works,"Belize- BAE CONSTRUCTION BZD$ 1, 134, 920.00",Belize,- BAE CONSTRUCTION,BZD,1134920.0,567460.0,https://www.caribank.org/sites/default/files/publication-resources/CONTRACT-AWARD-INFORMATION-Belmopan-Polyclinc.pdf,https://www.caribank.org/work-with-us/procurement/contract-awards?solr_publication_contract_awards_years_filter=2020&page=1,CDB
2020,CDB2020-016,Supply of Twenty-Six (26) Breath Alcohol Tester Kits,Transportation,Belize,Goods,"Belize- Tenchtronics Communications BZD$152,910.00",Belize,- Tenchtronics Communications,BZD,152910.0,76455.0,https://www.caribank.org/sites/default/files/publication-resources/CONTRACT_AWARD_INFORMATION%20%28Goods%29%20Twenty-Six%20%2826%29%20Breath%20Alcohol%20Tester%20Kits%2010222020_CDB%20comments.pdf,https://www.caribank.org/work-with-us/procurement/contract-awards?solr_publication_contract_awards_years_filter=2020&page=1,CDB
2020,CDB2020-017,Supply of Sixteen (16) Radar Speed Guns,Transportation,Belize,Goods,"Belize- Tenchtronics Communications BZD$ 433,511.00",Belize,- Tenchtronics Communications,BZD,433511.0,216755.5,https://www.caribank.org/sites/default/files/publication-resources/CONTRACT_AWARD_INFORMATION%20%28Goods%29%20Sixteen%20%2816%29%20Radar%20Speed%20Guns%2010222020_CDB%20comments.pdf,https://www.caribank.org/work-with-us/procurement/contract-awards?solr_publication_contract_awards_years_filter=2020&page=1,CDB
2020,CDB2020-018,Supply of LED Smart Ready Lamps for Public Street Lights,Climate,Suriname,Goods,"The Netherlands/China- HPS AGC Consortium USD 6,568,989.00",,The Netherlands/China- HPS AGC Consortium,USD,6568989.0,6568989.0,https://www.caribank.org/sites/default/files/publication-resources/Contract%20Award%20Information_Street%20Lights.pdf,https://www.caribank.org/work-with-us/procurement/contract-awards?solr_publication_contract_awards_years_filter=2020&page=1,CDB
2020,CDB2020-019,INSTITUTIONAL CAPACITY BUILDING WITHIN THE NATIONAL UTILITIES REGULATORY COMMISSION,Institutions,Trinidad and Tobago,Consultancy,"Trinidad &amp; Tobago- Odyssey Consult Inc. US$191,352",,Trinidad &amp; Tobago- Odyssey Consult Inc.,US$,191352.0,191352.0,https://www.caribank.org/sites/default/files/publication-resources/Contract-Award-Information-NURC.pdf,https://www.caribank.org/work-with-us/procurement/contract-awards?solr_publication_contract_awards_years_filter=2020&page=1,CDB
2020,CDB2020-020,HOPE HILL TO SABBATH HILL SLOPE STABILIZATION AND ROAD REHABILITATION,Infrastructure,British Virgin Islands,Works,"BVI Quality Construction Limited US$744,495.57",,BVI Quality Construction Limited,US$,744495.57,744495.57,https://www.caribank.org/sites/default/files/publication-resources/Contract%20Award_Hope%20Hill.pdf,https://www.caribank.org/work-with-us/procurement/contract-awards?solr_publication_contract_awards_years_filter=2020&page=1,CDB
2020,CDB2020-021,LEARNING MATERIALS/EQUIPMENT/SUPPLIES/YCT SECURITY CAMERAS,Education,Belize,Goods,"Belize Champion Security Systems Limited $28,802.25",Belize,Champion Security Systems Limited,$,28802.25,28802.25,https://www.caribank.org/sites/default/files/publication-resources/Contract-Award-Information%20-%20Security%20Cameras.pdf,https://www.caribank.org/work-with-us/procurement/contract-awards?solr_publication_contract_awards_years_filter=2020&page=2,CDB
2020,CDB2020-022,THE EXPANSION OF THE PRESENTATION BROTHER’S COLLEGE,Infrastructure,Grenada,Works,"Grenada Kenny’s Trucking &amp; Equipment Services Limited XCD $3,997,356.51",Grenada,Kenny’s Trucking &amp; Equipment Services Limited,XCD,3997356.51,1480502.41,https://www.caribank.org/sites/default/files/publication-resources/CONTRACT%20AWARD%20INFORMATION%20-%20PBC%20%281%29.pdf,https://www.caribank.org/work-with-us/procurement/contract-awards?solr_publication_contract_awards_years_filter=2020&page=2,CDB
2020,CDB2020-023,REHABILITATION AND EXPANSION OF THE BISHOPS COLLEGE,Infrastructure,Grenada,Works,"Trinidad &amp; Tobago Hanover Construction Company Limited XCD $9,088,397.29",,Trinidad &amp; Tobago Hanover Construction Company Limited,XCD,9088397.29,3366073.07,https://www.caribank.org/sites/default/files/publication-resources/CONTRACT%20AWARD%20INFORMATION%20-%20BISHOPS%20COLLEGE.pdf,https://www.caribank.org/work-with-us/procurement/contract-awards?solr_publication_contract_awards_years_filter=2020&page=2,CDB
2020,CDB2020-024,REHABILITATION AND EXPANSION OF THE GRENADA SDA COMPREHENSIVE,Infrastructure,Grenada,Works,"Grenada Kenny’s Trucking &amp; Equipment Services Limited XCD $7,262,330.09",Grenada,Kenny’s Trucking &amp; Equipment Services Limited,XCD,7262330.09,2689751.89,https://www.caribank.org/sites/default/files/publication-resources/CONTRACT%20AWARD%20INFORMATION%20-%20SDA.pdf,https://www.caribank.org/work-with-us/procurement/contract-awards?solr_publication_contract_awards_years_filter=2020&page=2,CDB
2020,CDB2020-025,Energy Efficiency and Solar PV Plant Inspection and Certification,Climate,Saint Vincent and the Grenadines,Consultancy,"Trinidad &amp; Tobago Ancile Brewster Cons Ltd &amp; D2F Technical Ltd USD169,321",,Trinidad &amp; Tobago Ancile Brewster Cons Ltd &amp; D2F Technical Ltd,USD,169321.0,169321.0,https://www.caribank.org/sites/default/files/publication-resources/CONTRACT%20AWARD%20INFORMATION%28CONSULTANCY_SERVICES%29%20Inspect%20%26%20Certifi.pdf,https://www.caribank.org/work-with-us/procurement/contract-awards?solr_publication_contract_awards_years_filter=2020&page=2,CDB
2020,CDB2020-026,EDUCATION QUALITY IMPROVEMENT PROJECT,Education,Saint Lucia,Consultancy,Multiple Contracts Multiple Contracts,,Multiple Contracts Multiple Contracts,,,,https://www.caribank.org/sites/default/files/publication-resources/Contract-Award-Information-Template_Consultancy-Services_Updated-20180111%20March%2024%202020.pdf,https://www.caribank.org/work-with-us/procurement/contract-awards?solr_publication_contract_awards_years_filter=2020&page=2,CDB
2020,CDB2020-027,Union River Defense and Training Works 􀂱 Lauders - Lowmans,Infrastructure,Saint Vincent and the Grenadines,Works,"St. Vincent and the Grenadines- Franco Construction Ltd XCD 1, 484,645.83",St. Vincent and the Grenadines,- Franco Construction Ltd,XCD,1484645.83,549868.83,https://www.caribank.org/sites/default/files/publication-resources/Contract_Award%20Union%20River%20Defense%20issued%20.pdf,https://www.caribank.org/work-with-us/procurement/contract-awards?solr_publication_contract_awards_years_filter=2020&page=2,CDB
2020,CDB2020-028,Yambou and Teviot River Defense and Training Works - Mesopotamia,Infrastructure,Saint Vincent and the Grenadines,Works,"St. Vincent and the Grenadines- Franco Construction Ltd XCD 3,425,634.79",St. Vincent and the Grenadines,- Franco Construction Ltd,XCD,3425634.79,1268753.63,https://www.caribank.org/sites/default/files/publication-resources/Contract_Award%20Yambou%20Defense.pdf,https://www.caribank.org/work-with-us/procurement/contract-awards?solr_publication_contract_awards_years_filter=2020&page=2,CDB
2020,CDB2020-029,Rehabilitation of Ferguson Mountain Road,Infrastructure,Saint Vincent and the Grenadines,Works,"St. Vincent and the Grenadines- Franco Construction Ltd XCD 3,434,844.49",St. Vincent and the Grenadines,- Franco Construction Ltd,XCD,3434844.49,1272164.63,https://www.caribank.org/sites/default/files/publication-resources/Contract_Award%20Ferguson%20Road.pdf,https://www.caribank.org/work-with-us/procurement/contract-awards?solr_publication_contract_awards_years_filter=2020&page=2,CDB
2020,CDB2020-030,Langley Park Feeder Road Upgrade,Infrastructure,Saint Vincent and the Grenadines,Works,"St. Lucia- O B Sadoo Engineering XCD 3,760,311.12",St. Lucia,- O B Sadoo Engineering,XCD,3760311.12,1392707.82,https://www.caribank.org/sites/default/files/publication-resources/Contract_Award%20Langley%20Park%20Road.pdf,https://www.caribank.org/work-with-us/procurement/contract-awards?solr_publication_contract_awards_years_filter=2020&page=2,CDB
2020,CDB2020-031,"Rural Water Supply Project - Jamaica Feasibility Study, Designs and Bid Documents",Water Resource Management,Jamaica,Consultancy,"France/JamaicaEgis Eau in Consortium with N. O. Whyte and Associates Ltd. USD 946,054",France; Jamaica,Egis Eau in Consortium with N. O. Whyte and Associates Ltd.,USD,946054.0,946054.0,https://www.caribank.org/sites/default/files/publication-resources/CONTRACT%20AWARD%20INFORMATION%28CONSULTANCY_SERVICES_%20Jamaica%20RWSP.pdf,https://www.caribank.org/work-with-us/procurement/contract-awards?solr_publication_contract_awards_years_filter=2020&page=3,CDB
2020,CDB2020-032,Provision of Six Fully Equipped Type III Ambulances,,Belize,Goods,"Belize Diesel and Equipment Company Limited BDZ$2,227,774.50",Belize,Diesel and Equipment Company Limited BDZ,$,2227774.5,2227774.5,https://www.caribank.org/sites/default/files/publication-resources/CONTRACT_AWARD_INFORMATION%20%28Goods%29%206%20TYPE%20III%20AMBULANCES_0.pdf,https://www.caribank.org/work-with-us/procurement/contract-awards?solr_publication_contract_awards_years_filter=2020&page=3,CDB
2020,CDB2020-033,School Supplies - Primary and Secondary,Education,British Virgin Islands,Goods,": Antigua and Barbuda- Massy Technologies for Lot 1, and BVI- Island Services BVI Limited for Lot 3 a &amp; b. Lot 1: $257,450.00 Lot 3 a &amp; b: $618,325.12",Antigua and Barbuda,"- Massy Technologies for Lot 1, and BVI- Island Services BVI Limited for Lot 3 a &amp; b. Lot 1: Lot 3 a &amp; b: $618,325.12",$,257450.0,257450.0,https://www.caribank.org/sites/default/files/publication-resources/Contract-Award-Notice%20-%20School%20Supplies%20-%20Primary%20and%20Secondary.pdf,https://www.caribank.org/work-with-us/procurement/contract-awards?solr_publication_contract_awards_years_filter=2020&page=3,CDB
2020,CDB2020-034,Construction of Concrete Pads Relating to Weather Station and Seismic Equipment,Infrastructure,British Virgin Islands,Works,"BVI- SunLeaf Construction Ltd. USD $66,289.00",,BVI- SunLeaf Construction Ltd.,USD,66289.0,66289.0,https://www.caribank.org/sites/default/files/publication-resources/Contract-Award-Notice%20-%20DDM%20Equipment%20-%20Civil%20Works.pdf,https://www.caribank.org/work-with-us/procurement/contract-awards?solr_publication_contract_awards_years_filter=2020&page=3,CDB
2020,CDB2020-035,BUILDING RESILIENCE OF THE ELECTRICITY SECTOR INFRASTRUCTURE TO GEOPHYSICAL AND CLIMATE RELATED HAZARDS,Climate,Saint Vincent and the Grenadines,Consultancy,"Canada- CBCL Limited Consulting Engineers US$666,398",Canada,- CBCL Limited Consulting Engineers,US$,666398.0,666398.0,https://www.caribank.org/sites/default/files/publication-resources/Contract-Award-Information-GA%2042STV.pdf,https://www.caribank.org/work-with-us/procurement/contract-awards?solr_publication_contract_awards_years_filter=2020&page=3,CDB
2020,CDB2020-036,"Design Review and Construction Supervision (Bexon, Bexon Heights, Sarrot, La Ressource 2-5)",Infrastructure,Saint Lucia,Consultancy,"St. Lucia - Engineering, Construction and Management Consulting (ECMC) Ltd US$813,728",St. Lucia,"- Engineering, Construction and Management Consulting (ECMC) Ltd",US$,813728.0,813728.0,https://www.caribank.org/sites/default/files/publication-resources/Scanned%20from%20a%20Xerox%20Multifunction%20Printer%20%287%29.pdf,https://www.caribank.org/work-with-us/procurement/contract-awards?solr_publication_contract_awards_years_filter=2020&page=3,CDB
2020,CDB2020-037,construction works of the Practical Instruction Centre and Seven Teacher Housing Accommodations at Apoera,Infrastructure,Suriname,Works,"Suriname N.V. A.B.C. US$ 3,594,317.63",Suriname,N.V. A.B.C.,US$,3594317.63,3594317.63,https://www.caribank.org/sites/default/files/publication-resources/CONTRACT_AWARD_INFORMATION_APOERA_18122019%2019122019%20%281%29.pdf,https://www.caribank.org/work-with-us/procurement/contract-awards?solr_publication_contract_awards_years_filter=2020&page=3,CDB
2020,CDB2020-038,Energy Audits for Public Buildings,Climate,Antigua and Barbuda,Consultancy,"Canada CBCL Ltd. US$ 95,940",Canada,CBCL Ltd.,US$,95940.0,95940.0,https://www.caribank.org/sites/default/files/publication-resources/Contract-Award-Information%20Antigua%20Barbuda%20%281%29.pdf,https://www.caribank.org/work-with-us/procurement/contract-awards?solr_publication_contract_awards_years_filter=2020&page=3,CDB
2020,CDB2020-039,Supply of LED Street Lights for St. Kitts and Nevis,Climate,Saint Kitts and Nevis,Goods,"United States- Acuity Brands Lighting Inc US$1,786,019.30",United States,- Acuity Brands Lighting Inc,US$,1786019.3,1786019.3,https://www.caribank.org/sites/default/files/publication-resources/Contract%20Award%20Notice%202.pdf,https://www.caribank.org/work-with-us/procurement/contract-awards?solr_publication_contract_awards_years_filter=2020&page=3,CDB
2020,CDB2020-040,Completion of Detailed Final Designs of Cul De Sac Roundabout,Infrastructure,Saint Lucia,Consultancy,"St. Lucia Theobalds Consulting Ltd. US$ 75,000",St. Lucia,Theobalds Consulting Ltd.,US$,75000.0,75000.0,https://www.caribank.org/sites/default/files/publication-resources/CONTRACT%20AWARD%20INFORMATION%28CONSULTANCY_SERVICES%29%20%281%29.pdf,https://www.caribank.org/work-with-us/procurement/contract-awards?solr_publication_contract_awards_years_filter=2020&page=3,CDB
2021,CDB2021-001,"LIBERTAD VILLAGE AND CONCEPCION VILLAGE JOINT WATER SUPPLY SYSTEM REHABILITATION, COROZAL DISTRICT, BELIZE",Infrastructure,Belize,Works,"Belize - FT Williams &amp; Associates Ltd. BZD $1,339,525.03",Belize,- FT Williams &amp; Associates Ltd.,BZD,1339525.03,669762.52,https://www.caribank.org/sites/default/files/publication-resources/220114_BZE_BSIF3_Libertad%20Village%20%20Concepcion%20Village_W_Joint%20Water%20Supply%20System%20Rehab_CAI.pdf,https://www.caribank.org/work-with-us/procurement/contract-awards?solr_publication_contract_awards_years_filter=2021,CDB
2021,CDB2021-002,"Corozal and Orange Walk Reinforcement and Upgrade, Sixth Power Project (Belize)",Infrastructure,Belize,Goods,"Colombia - Sucursal ABB PG, S.A. USD591,112.00",Colombia,"- Sucursal ABB PG, S.A.",USD,591112.0,591112.0,https://www.caribank.org/sites/default/files/publication-resources/BZE_Sixth%20Power_G_Power%20Transformer_CAI.pdf,https://www.caribank.org/work-with-us/procurement/contract-awards?solr_publication_contract_awards_years_filter=2021,CDB
2021,CDB2021-003,Sustainability Management Plan -Grantley Adams International Airport Pavement Rehabilitation and Expansion Project - Barbados,Tourism,Barbados,Works,"Canada - Integrated Sustainability USD119,920.00 plus applicable VAT and Foreign Exchange Levy",Canada,- Integrated Sustainability plus applicable VAT and Foreign Exchange Levy,USD,119920.0,119920.0,https://www.caribank.org/sites/default/files/publication-resources/BAR_GAIA%20Pavement%20Rehab_CS_Sustainability%20Mgmt%20Plan_CAI_AMH%2004102021.pdf,https://www.caribank.org/work-with-us/procurement/contract-awards?solr_publication_contract_awards_years_filter=2021,CDB
2021,CDB2021-004,Climate Resilient Coastal Protection and Management - Turks and Caicos Islands,,Turks and Caicos Islands,Consultancy,"Canada - CBCL Ltd. USD718,900.00",Canada,- CBCL Ltd.,USD,718900.0,718900.0,https://www.caribank.org/sites/default/files/publication-resources/TCI_Climate%20Resilience_CS_CAI_TR18_57%2004102021.pdf,https://www.caribank.org/work-with-us/procurement/contract-awards?solr_publication_contract_awards_years_filter=2021,CDB
2021,CDB2021-005,Street Light Retrofit and Advanced Metering Infrastructure Project,,Suriname,Works,"Suriname - B.A.P. Waste Management USD66,650.00",Suriname,- B.A.P. Waste Management,USD,66650.0,66650.0,https://www.caribank.org/sites/default/files/publication-resources/Suriname%20-%20Contract%20Award%20information-Waste%20Disposal.pdf,https://www.caribank.org/work-with-us/procurement/contract-awards?solr_publication_contract_awards_years_filter=2021,CDB
2021,CDB2021-006,Readiness Support for Strengthening Belize Private Sector Access to Climate Finance,,Belize,Consultancy,"United Kingdom - Willis Tower Watson USD131,947.00",United Kingdom,- Willis Tower Watson,USD,131947.0,131947.0,https://www.caribank.org/sites/default/files/publication-resources/Belize%20-%20CONTRACT%20AWARD%20INFORMATION%28CONSULTANCY_SERVICES.pdf,https://www.caribank.org/work-with-us/procurement/contract-awards?solr_publication_contract_awards_years_filter=2021,CDB
2021,CDB2021-007,"Procurement of 30,000 LED Street Light Luminaires and 27,000 Photo Controls - The Bahamas",Poverty Alleviation,The Bahamas,Goods,"Canada - LED Roadway Lighting Ltd BSD4,992,040.00",Canada,- LED Roadway Lighting Ltd,BSD,4992040.0,4992040.0,https://www.caribank.org/sites/default/files/publication-resources/210915_Contract%20award%20information%20procurement%20of%20luminaires.pdf,https://www.caribank.org/work-with-us/procurement/contract-awards?solr_publication_contract_awards_years_filter=2021,CDB
2021,CDB2021-008,Energy Efficiency Measures and Solar Photovoltaic Plant – St. Vincent and the Grenadines,Climate,Saint Vincent and the Grenadines,Works,"Canada - OZZ Electric USD1,321,934.00",Canada,- OZZ Electric,USD,1321934.0,1321934.0,https://www.caribank.org/sites/default/files/publication-resources/210915_Contract%20Award%20Information%20%28Solar%20PV%29%20%281%29.pdf,https://www.caribank.org/work-with-us/procurement/contract-awards?solr_publication_contract_awards_years_filter=2021,CDB
2021,CDB2021-009,TRANSFORMING FINANCE TO UNLOCK CLIMATE ACTION IN THE CARIBBEAN” PROGRAMME,Climate,CDB,Consultancy,"Consortium – Internationale Projekt Consult (IPC) GmbH and UNIQUE Forestry and Land Use GmbH - Germany USD455,866",,Consortium – Internationale Projekt Consult (IPC) GmbH and UNIQUE Forestry and Land Use GmbH - Germany,USD,455866.0,455866.0,https://www.caribank.org/sites/default/files/publication-resources/Contract%20Award%20notification_GCF%20PPF-033.pdf,https://www.caribank.org/work-with-us/procurement/contract-awards?solr_publication_contract_awards_years_filter=2021,CDB
2021,CDB2021-010,"CALCUTTA GOVERNMENT PRIMARY AND PRE-PRIMARY SCHOOL BUILDING CONSTRUCTION, CALCUTTA VILLAGE, BELIZE",Infrastructure,Belize,Works,"LV &amp; Sons Construction Ltd. BZD 1,299,450.00",,LV &amp; Sons Construction Ltd.,BZD,1299450.0,649725.0,https://www.caribank.org/sites/default/files/publication-resources/210521%20Contract%20Award%20Notice%20-%20Calcutta%20Government%20Primary%20and%20Pre-Primary%20School%20-%20Revised.pdf,https://www.caribank.org/work-with-us/procurement/contract-awards?solr_publication_contract_awards_years_filter=2021,CDB
2021,CDB2021-011,PHILIP GOLDSON HIGHWAY AND REMATE BYPASS UPGRADING PROJECT - LOT 1,Infrastructure,Belize,Works,"Teichroeb &amp; Sons Ltd. (Belize) USD 5,265,432.74",,Teichroeb &amp; Sons Ltd. (Belize),USD,5265432.74,5265432.74,https://www.caribank.org/sites/default/files/publication-resources/Contract%20Award%20Notice_Civil%20Works_PGHP_CDB_27.05.pdf,https://www.caribank.org/work-with-us/procurement/contract-awards?solr_publication_contract_awards_years_filter=2021&page=1,CDB
2021,CDB2021-012,PHILIP GOLDSON HIGHWAY AND REMATE BYPASS UPGRADING PROJECT - LOT 2,Infrastructure,Belize,Works,"Cisco Construction Ltd. (Belize) USD 13,539,651.16",,Cisco Construction Ltd. (Belize),USD,13539651.16,13539651.16,https://www.caribank.org/sites/default/files/publication-resources/Contract%20Award%20Notice_Civil%20Works_PGHP_CDB_27.05.pdf,https://www.caribank.org/work-with-us/procurement/contract-awards?solr_publication_contract_awards_years_filter=2021&page=1,CDB
2021,CDB2021-013,PHILIP GOLDSON HIGHWAY AND REMATE BYPASS UPGRADING PROJECT - LOT 3,Infrastructure,Belize,Works,"Cisco Construction Ltd. (Belize) USD 10,965,889.35",,Cisco Construction Ltd. (Belize),USD,10965889.35,10965889.35,https://www.caribank.org/sites/default/files/publication-resources/Contract%20Award%20Notice_Civil%20Works_PGHP_CDB_27.05.pdf,https://www.caribank.org/work-with-us/procurement/contract-awards?solr_publication_contract_awards_years_filter=2021&page=1,CDB
2021,CDB2021-014,PHILIP GOLDSON HIGHWAY AND REMATE BYPASS UPGRADING PROJECT - LOT 4,Infrastructure,Belize,Works,"Teichroeb &amp; Sons Ltd. (Belize) USD 9,895,739.35",,Teichroeb &amp; Sons Ltd. (Belize),USD,9895739.35,9895739.35,https://www.caribank.org/sites/default/files/publication-resources/Contract%20Award%20Notice_Civil%20Works_PGHP_CDB_27.05.pdf,https://www.caribank.org/work-with-us/procurement/contract-awards?solr_publication_contract_awards_years_filter=2021&page=1,CDB
2021,CDB2021-015,Millennium Highway and West Coast Road Reconstruction - Lot 1,Infrastructure,Saint Lucia,Works,"C.O. Williams Construction Ltd. EC$ 38,539,873.23",,C.O. Williams Construction Ltd.,EC$,38539873.23,14274027.12,https://www.caribank.org/sites/default/files/publication-resources/210602%20SLU%20-%20MHWCRP%20-%2073599%20-%20CONTRACT%20AWARD%20INFORMATION%20%28WORKS%29%20Lot%201.pdf,https://www.caribank.org/work-with-us/procurement/contract-awards?solr_publication_contract_awards_years_filter=2021&page=1,CDB
2021,CDB2021-016,CONSTRUCTION SUPERVISION SERVICES-SECOND ROAD INFRASTRUCTURE REHABILITATION PROJECT,Infrastructure,Antigua and Barbuda,Consultancy,"St. Lucia- Engineering Construction and Management Consulting (ECMC) Ltd USD $828,911.00",St. Lucia,- Engineering Construction and Management Consulting (ECMC) Ltd,USD,828911.0,828911.0,https://www.caribank.org/sites/default/files/publication-resources/Contract-Award-Information-%20ECMC.pdf,https://www.caribank.org/work-with-us/procurement/contract-awards?solr_publication_contract_awards_years_filter=2021&page=1,CDB
2021,CDB2021-017,SUPPLY AND INSTALLATION OF A SEA WATER REVERSE OSMOSIS DESALINATION PLANT,Water Resource Management,Antigua and Barbuda,Goods,"Antigua &amp; Barbuda-Caribbean Water Treatment Ltd USD $404,209.00",,Antigua &amp; Barbuda-Caribbean Water Treatment Ltd,USD,404209.0,404209.0,https://www.caribank.org/sites/default/files/publication-resources/Contract-Award%20-%20RO%20Plant.pdf,https://www.caribank.org/work-with-us/procurement/contract-awards?solr_publication_contract_awards_years_filter=2021&page=1,CDB
2021,CDB2021-018,SUPPLY OF 2 GLASS FUSED WATER STORAGE TANKS,Water Resource Management,Antigua and Barbuda,Goods,"St. Lucia- Caribbean WaterTek Inc. USD $380,304.13",St. Lucia,- Caribbean WaterTek Inc.,USD,380304.13,380304.13,https://www.caribank.org/sites/default/files/publication-resources/Contract-Award%20-%20Storage%20Tanks.pdf,https://www.caribank.org/work-with-us/procurement/contract-awards?solr_publication_contract_awards_years_filter=2021&page=1,CDB
2021,CDB2021-019,BUILDING WORKS DESIGN AND CONSTRUCTION SUPERVISION,Infrastructure,Antigua and Barbuda,Consultancy,"Canada/St. Lucia-Coles Associates &amp; Amana Consulting Ltd USD $382,049.00",Canada; St. Lucia,-Coles Associates &amp; Amana Consulting Ltd,USD,382049.0,382049.0,https://www.caribank.org/sites/default/files/publication-resources/Contract-Award-Information-Coles%20Associates.pdf,https://www.caribank.org/work-with-us/procurement/contract-awards?solr_publication_contract_awards_years_filter=2021&page=1,CDB
2021,CDB2021-020,Construction of National Emergency Operation Center Building,Infrastructure,British Virgin Islands,Works,"BVI-Tandem Development Ltd &amp; D &amp; B Heavy Equipment Service Ltd. USD $9,803,215.53",,BVI-Tandem Development Ltd &amp; D &amp; B Heavy Equipment Service Ltd.,USD,9803215.53,9803215.53,https://www.caribank.org/sites/default/files/publication-resources/Contract-Award-Notice%20-%20NEOC%20Building.pdf,https://www.caribank.org/work-with-us/procurement/contract-awards?solr_publication_contract_awards_years_filter=2021&page=1,CDB
2021,CDB2021-021,REGIONAL HUMAN RESOURCES DEVELOPMENT KNOWLEDGE AND SKILLS AUDIT,Tourism,Barbados,Consultancy,"Jamaica- A-Z Information Jamaica Ltd. USD 99,850",Jamaica,- A-Z Information Jamaica Ltd.,USD,99850.0,99850.0,https://www.caribank.org/sites/default/files/publication-resources/Contract-Award-Information-Template_Consultancy-Services_Updated-18%20March.pdf,https://www.caribank.org/work-with-us/procurement/contract-awards?solr_publication_contract_awards_years_filter=2021&page=2,CDB
2021,CDB2021-022,Dynamic Stability Study for Suriname Power System,Climate,Suriname,Consultancy,"Italiy- Centro Elettotecnico Sperimentale Italiano Giacinto Motta S.p.A. (CESI S.p.A.) USD 333,000.00",,Italiy- Centro Elettotecnico Sperimentale Italiano Giacinto Motta S.p.A. (CESI S.p.A.),USD,333000.0,333000.0,https://www.caribank.org/sites/default/files/publication-resources/Contract%20Award%20Information_Stability_Study_18.01.21.pdf,https://www.caribank.org/work-with-us/procurement/contract-awards?solr_publication_contract_awards_years_filter=2021&page=2,CDB
2021,CDB2021-023,Consultancy Services for The Philip Goldson Highway and Remate Bypass Upgrading Project -Construction Supervision Services,Infrastructure,Belize,Consultancy,"Italy- Politecnica Ingegneria ed Architettura Societa Cooperativa USD 2,530,000.00",Italy,- Politecnica Ingegneria ed Architettura Societa Cooperativa,USD,2530000.0,2530000.0,https://www.caribank.org/sites/default/files/publication-resources/2021-01-21%20Contract%20Award%20Notice_Construction%20Supervision_PGHRBUP%20-%20CDB.pdf,https://www.caribank.org/work-with-us/procurement/contract-awards?solr_publication_contract_awards_years_filter=2021&page=2,CDB
2021,CDB2021-024,ROAD SECTOR DEVELOPMENT MASTER PLAN,Infrastructure,Antigua and Barbuda,Consultancy,"Canada/Bahamas- R.J. Burnside International Ltd &amp; Caribbean Civil Group Ltd USD $410,375.00",Canada,/Bahamas- R.J. Burnside International Ltd &amp; Caribbean Civil Group Ltd,USD,410375.0,410375.0,https://www.caribank.org/sites/default/files/publication-resources/Contract-Award-Information-R.%20J.%20Burnside_CDB.pdf,https://www.caribank.org/work-with-us/procurement/contract-awards?solr_publication_contract_awards_years_filter=2021&page=2,CDB
2022,CDB2022-001,Design and Supervision of The Education and Human Resource Development Package 1 (EHRD1),Education,Saint Vincent and the Grenadines,Consultancy,"St. Vincent and the Grenadines - Stewart Engineering Limited XCD 393,610.00 (Tax Exclusive)",St. Vincent and the Grenadines,- Stewart Engineering Limited (Tax Exclusive),XCD,393610.0,145781.48,https://www.caribank.org/sites/default/files/publication-resources/CONTRACT%20AWARD%20INFORMATION_EHRD1_SVG.pdf,https://www.caribank.org/work-with-us/procurement/contract-awards?solr_publication_contract_awards_years_filter=2022,CDB
2022,CDB2022-002,Preparation Of a Green Climate Fund (GCF) Funding Proposal and Annexes for The “Climate Resilience Of The Water Sector In The Bahamas” Project,Climate,CDB,Consultancy,"United Kingdom - GWP Consultants USD565,650",United Kingdom,- GWP Consultants,USD,565650.0,565650.0,https://www.caribank.org/sites/default/files/publication-resources/Contract%20award%20notification_GCF%20PPF-035_September%2016%202022%20%28002%29.pdf,https://www.caribank.org/work-with-us/procurement/contract-awards?solr_publication_contract_awards_years_filter=2022,CDB
2022,CDB2022-003,Design and Supervision of The Basic Community Access and Drainage Package 2 (BCAD2) Implementation Support,Poverty Alleviation,Saint Vincent and the Grenadines,Consultancy,"Grenada - Gleans Construction and Engineering Co. Limited XCD 460,000.00 (Tax Exclusive)",Grenada,- Gleans Construction and Engineering Co. Limited (Tax Exclusive),XCD,460000.0,170370.37,https://www.caribank.org/sites/default/files/publication-resources/CONTRACT%20AWARD%20INFORMATION_BCAD2_SVG.pdf,https://www.caribank.org/work-with-us/procurement/contract-awards?solr_publication_contract_awards_years_filter=2022,CDB
2022,CDB2022-004,Design and Supervision of The Basic Community Access and Drainage Package 1 (BCAD1) Implementation Support,Poverty Alleviation,Saint Vincent and the Grenadines,Consultancy,"Grenada - Gleans Construction and Engineering Co. Limited XCD 290,000.00 (Tax Exclusive)",Grenada,- Gleans Construction and Engineering Co. Limited (Tax Exclusive),XCD,290000.0,107407.41,https://www.caribank.org/sites/default/files/publication-resources/220914_CONTRACT%20AWARD%20INFORMATION_BCAD1_SVG.pdf,https://www.caribank.org/work-with-us/procurement/contract-awards?solr_publication_contract_awards_years_filter=2022,CDB
2022,CDB2022-005,Education Quality Improvement Project - Saint Lucia,Education,Saint Lucia,Consultancy,"Jamaica - Alliance of Consultants USD 75,610.00",Jamaica,- Alliance of Consultants,USD,75610.0,75610.0,https://www.caribank.org/sites/default/files/publication-resources/220914_SLU_CONTRACT-AWARD-INFORMATIONCONSULTANCY_SERVICES_DRUG%20AND%20ALCOHOL%20CONSULTANCY.pdf,https://www.caribank.org/work-with-us/procurement/contract-awards?solr_publication_contract_awards_years_filter=2022,CDB
2022,CDB2022-006,Preparation of a Green Climate Fund (GCF) Funding Proposal and Annexes for The “Scaling Up The Deployment Of Integrated Utility Services (IUS) to Support Energy Sector Transformation in The Caribbean” Programme,Climate,CDB,Consultancy,"Canada - CPCS Transcom Limited with FOKABS Inc. and SAEDI Consulting (Barbados) Inc. USD 637,138.00",Canada,- CPCS Transcom Limited with FOKABS Inc. and SAEDI Consulting (Barbados) Inc.,USD,637138.0,637138.0,https://www.caribank.org/sites/default/files/publication-resources/Contract%20award%20notification_GCF%20PPF-047_September%206%202022.pdf,https://www.caribank.org/work-with-us/procurement/contract-awards?solr_publication_contract_awards_years_filter=2022,CDB
2022,CDB2022-007,Second Road Safety Project - Equipment (GPS Tracking Equipment & Servicing),Transportation,Belize,Goods,"Belize-Traksolution Belize Ltd. BZD 38,220.00",Belize,-Traksolution Belize Ltd.,BZD,38220.0,19110.0,https://www.caribank.org/sites/default/files/publication-resources/CONTRACT_AWARD_Traksolution%20Belize%20Ltd_.pdf,https://www.caribank.org/work-with-us/procurement/contract-awards?solr_publication_contract_awards_years_filter=2022,CDB
2022,CDB2022-008,TVET Development Project - Barrouallie Technical Institute Smart Classroom,Education,Saint Vincent and the Grenadines,Works,"St. Vincent - Gibson Construction Limited XCD2,854,675.15",,St. Vincent - Gibson Construction Limited,XCD,2854675.15,1057287.09,https://www.caribank.org/sites/default/files/publication-resources/CONTRACT%20AWARD%20-%20INFORMATION%20%28WORKS%29%20-%20Barrouallie%20Smart%20Classroom%20.pdf,https://www.caribank.org/work-with-us/procurement/contract-awards?solr_publication_contract_awards_years_filter=2022,CDB
2022,CDB2022-009,John Compton Dam Rehabilitation Project,Climate,Saint Lucia,,"HR Wallingford Ltd. USD 30, 000.00",,HR Wallingford Ltd.,USD,30000.0,30000.0,https://www.caribank.org/sites/default/files/publication-resources/Award%20of%20Contract_HR%20Wallingford%20Consultants.pdf,https://www.caribank.org/work-with-us/procurement/contract-awards?solr_publication_contract_awards_years_filter=2022,CDB
2022,CDB2022-010,Enhancing the Socio-Economic and Livelihood Impacts of the Millennium Highway and West Coast Road Reconstruction Project,Private Sector Development,Saint Lucia,Consultancy,"Haiti - Insuco Haiti US$61,523.00",Haiti,- Insuco Haiti,US$,61523.0,61523.0,https://www.caribank.org/sites/default/files/publication-resources/SLU%20MHWCRP%20Socio-economic%20Impact%20Contract%20Award%20Notice.pdf,https://www.caribank.org/work-with-us/procurement/contract-awards?solr_publication_contract_awards_years_filter=2022,CDB
2022,CDB2022-011,Technical Assistance Support for Training in Geospatial Mapping for Rural Haiti,,Haiti,Consultancy,"Haiti-Scheffer Fustel GILOT USD 30,000.00",Haiti,-Scheffer Fustel GILOT,USD,30000.0,30000.0,https://www.caribank.org/sites/default/files/publication-resources/220617_HAI_GIS%20Mapping_CS_Training_CAI_ProjectManager.pdf,https://www.caribank.org/work-with-us/procurement/contract-awards?solr_publication_contract_awards_years_filter=2022&page=1,CDB
2022,CDB2022-012,Linden To Mabura Hill Road Infrastructure Works,Infrastructure,Guyana,Works,"Brazil - Constructora Queiroz Galvao S.A. GYD 32,501,421,713.85",Brazil,- Constructora Queiroz Galvao S.A.,GYD,32501421713.85,155882118.53,https://www.caribank.org/sites/default/files/publication-resources/220602%20June%2001%202022_CONTRACT_AWARD_INFORMATION%20%28WORKS%29.pdf,https://www.caribank.org/work-with-us/procurement/contract-awards?solr_publication_contract_awards_years_filter=2022&page=1,CDB
2022,CDB2022-013,Education Quality Improvement Project,Education,Saint Lucia,Goods,"Barbados - EDC Caribbean Inc. USD 9,694.00",Barbados,- EDC Caribbean Inc.,USD,9694.0,9694.0,https://www.caribank.org/sites/default/files/publication-resources/SLU_Contract%20Award%20Information-Goods_EDC%20Caribbean%20Inc.%20%281%29_0.pdf,https://www.caribank.org/work-with-us/procurement/contract-awards?solr_publication_contract_awards_years_filter=2022&page=1,CDB
2022,CDB2022-014,Preparation of a Comprehensive Sport for Development Initiative for the new Faculty of Sport of the University of the West Indies,Education,Regional,Goods,"Germany - Simi Reality Motion Systems GmbH USD 24,994.50",Germany,- Simi Reality Motion Systems GmbH,USD,24994.5,24994.5,,https://www.caribank.org/work-with-us/procurement/contract-awards?solr_publication_contract_awards_years_filter=2022&page=1,CDB
2022,CDB2022-015,Public Procurement Reform of the Eastern Caribbean States,Private Sector Development,Regional,Consultancy,"United Kingdom - Charles Kendall and Partners Ltd. USD 176,550",United Kingdom,- Charles Kendall and Partners Ltd.,USD,176550.0,176550.0,,https://www.caribank.org/work-with-us/procurement/contract-awards?solr_publication_contract_awards_years_filter=2022&page=1,CDB
2022,CDB2022-016,Public Procurement Reform of the Eastern Caribbean States,Private Sector Development,Regional,Consultancy,"United Kingdom - Charles Kendall and Partners Ltd. USD 30,750",United Kingdom,- Charles Kendall and Partners Ltd.,USD,30750.0,30750.0,,https://www.caribank.org/work-with-us/procurement/contract-awards?solr_publication_contract_awards_years_filter=2022&page=1,CDB
2022,CDB2022-017,Public Procurement Reform of the Eastern Caribbean States,Private Sector Development,Regional,Consultancy,"United Kingdom - Charles Kendall and Partners Ltd. USD 72,750",United Kingdom,- Charles Kendall and Partners Ltd.,USD,72750.0,72750.0,,https://www.caribank.org/work-with-us/procurement/contract-awards?solr_publication_contract_awards_years_filter=2022&page=1,CDB
2022,CDB2022-018,Regional Capacity Building in Municipal Finances,Private Sector Development,Regional,Consultancy,"Trinidad - Michelle Mycoo USD 2,800",,Trinidad - Michelle Mycoo,USD,2800.0,2800.0,,https://www.caribank.org/work-with-us/procurement/contract-awards?solr_publication_contract_awards_years_filter=2022&page=1,CDB
2022,CDB2022-019,Regional Capacity Building in Municipal Finances,Private Sector Development,Regional,Consultancy,"Trinidad - Lebrechtta Nana Oye Hesse-Bayne USD 35,750",,Trinidad - Lebrechtta Nana Oye Hesse-Bayne,USD,35750.0,35750.0,,https://www.caribank.org/work-with-us/procurement/contract-awards?solr_publication_contract_awards_years_filter=2022&page=1,CDB
2022,CDB2022-020,Regional Capacity Building in Municipal Finances,Private Sector Development,Regional,Consultancy,"Canada - Tomopa Canada Ltd. USD 39,400",Canada,- Tomopa Canada Ltd.,USD,39400.0,39400.0,,https://www.caribank.org/work-with-us/procurement/contract-awards?solr_publication_contract_awards_years_filter=2022&page=1,CDB
2022,CDB2022-021,Regional Capacity Building in Municipal Finances,Private Sector Development,Regional,Consultancy,"U.S.A - Collin Cunningham USD 19,200",,U.S.A - Collin Cunningham,USD,19200.0,19200.0,,https://www.caribank.org/work-with-us/procurement/contract-awards?solr_publication_contract_awards_years_filter=2022&page=2,CDB
2022,CDB2022-022,Regional Capacity Building in Municipal Finances,Private Sector Development,Regional,Consultancy,"Trinidad - Commonwealth Local Government Forum - Caribbean USD 64,150",,Trinidad - Commonwealth Local Government Forum - Caribbean,USD,64150.0,64150.0,,https://www.caribank.org/work-with-us/procurement/contract-awards?solr_publication_contract_awards_years_filter=2022&page=2,CDB
2022,CDB2022-023,Regional Capacity Building in Municipal Finances,Private Sector Development,Regional,Consultancy,"Trinidad - Michael Sutherland USD 2,400",,Trinidad - Michael Sutherland,USD,2400.0,2400.0,,https://www.caribank.org/work-with-us/procurement/contract-awards?solr_publication_contract_awards_years_filter=2022&page=2,CDB
2022,CDB2022-024,Public Policy Analysis and Management and Management and Project Cycle Management Training Programme of the CDB 2015 - 2019,Education,Regional,Consultancy,"Barbados - The University of the West Indies, Open Campus USD 131,000",Barbados,"- The University of the West Indies, Open Campus",USD,131000.0,131000.0,,https://www.caribank.org/work-with-us/procurement/contract-awards?solr_publication_contract_awards_years_filter=2022&page=2,CDB
2022,CDB2022-025,Public Policy Analysis and Management and Management and Project Cycle Management Training Programme of the CDB 2015 - 2018,Education,Regional,Consultancy,"Trinidad - Lennise Baptiste USD 44,820",,Trinidad - Lennise Baptiste,USD,44820.0,44820.0,,https://www.caribank.org/work-with-us/procurement/contract-awards?solr_publication_contract_awards_years_filter=2022&page=2,CDB
2022,CDB2022-026,Diagnostic Assessment that will determine the Feasibility of Establishing a Partial Credit Guarantee Fund,Financial Services,Turks and Caicos Islands,Consultancy,"Germany - A2F Consulting GmbH USD 112,700",Germany,- A2F Consulting GmbH,USD,112700.0,112700.0,https://www.caribank.org/sites/default/files/publication-resources/Contract-Award-Information-GOV%20T%26C%20-%20DIAGNOSTIC%20ASSESSMENT%20PARTIAL%20CREDIT%20GUARANTEE%20FUND.pdf,https://www.caribank.org/work-with-us/procurement/contract-awards?solr_publication_contract_awards_years_filter=2022&page=2,CDB
2022,CDB2022-027,Institutional Strengthening and Capacity Building Support for Invest SVG,,Saint Vincent and the Grenadines,Consultancy,"Jamaica - Christoper McNair USD 84,800",Jamaica,- Christoper McNair,USD,84800.0,84800.0,,https://www.caribank.org/work-with-us/procurement/contract-awards?solr_publication_contract_awards_years_filter=2022&page=2,CDB
2022,CDB2022-028,Energy Efficiency Measures and Solar Photovoltaic Plant,,Saint Vincent and the Grenadines,Consultancy,"St. Vincent - Alston Stoddard XCD 44,500",,St. Vincent - Alston Stoddard,XCD,44500.0,16481.48,,https://www.caribank.org/work-with-us/procurement/contract-awards?solr_publication_contract_awards_years_filter=2022&page=2,CDB
2022,CDB2022-029,Energy Efficiency Measures and Solar Photovoltaic Plant,,Saint Vincent and the Grenadines,Works,"Trinidad - Green Engineering Environmental Service USD 376,979",,Trinidad - Green Engineering Environmental Service,USD,376979.0,376979.0,,https://www.caribank.org/work-with-us/procurement/contract-awards?solr_publication_contract_awards_years_filter=2022&page=2,CDB
2022,CDB2022-030,Energy Efficiency Measures and Solar Photovoltaic Plant,,Saint Vincent and the Grenadines,Works,"Canada - Ozz Electric Inc. USD 1,468,364.94",Canada,- Ozz Electric Inc.,USD,1468364.94,1468364.94,,https://www.caribank.org/work-with-us/procurement/contract-awards?solr_publication_contract_awards_years_filter=2022&page=2,CDB
2022,CDB2022-031,Millennium Highway and West Coast Road Reconstruction Project,,Saint Lucia,Works,"Barbados - C.O. Williams Construction Co. XCD 29,776,189.97",Barbados,- C.O. Williams Construction Co.,XCD,29776189.97,11028218.51,,https://www.caribank.org/work-with-us/procurement/contract-awards?solr_publication_contract_awards_years_filter=2022&page=3,CDB
2022,CDB2022-032,Education Quality Improvement Project,Education,Saint Lucia,Goods,"St. Lucia - JE Bergasse &amp; Company Ltd XCD 27,835.56",St. Lucia,- JE Bergasse &amp; Company Ltd,XCD,27835.56,10309.47,https://www.caribank.org/sites/default/files/publication-resources/SLU_Contract%20Award%20Information-Goods_JE%20Bergasse%20%26%20Company%20Ltd.pdf,https://www.caribank.org/work-with-us/procurement/contract-awards?solr_publication_contract_awards_years_filter=2022&page=3,CDB
2022,CDB2022-033,Education Quality Improvement Project,Education,Saint Lucia,Goods,"Barbados - EDC Caribbean Inc. USD 49,044.10",Barbados,- EDC Caribbean Inc.,USD,49044.1,49044.1,https://www.caribank.org/sites/default/files/publication-resources/SLU_Contract%20Award%20Information-Goods_EDC%20Caribbean%20Inc.pdf,https://www.caribank.org/work-with-us/procurement/contract-awards?solr_publication_contract_awards_years_filter=2022&page=3,CDB
2022,CDB2022-034,Operational Framework and Training Plan for Energy Units in St. Kitts and Nevis,Education,Saint Kitts and Nevis,Consultancy,"Barbados - Roland R. Clarke USD 56,250",Barbados,- Roland R. Clarke,USD,56250.0,56250.0,,https://www.caribank.org/work-with-us/procurement/contract-awards?solr_publication_contract_awards_years_filter=2022&page=3,CDB
2022,CDB2022-035,"Strengthening of the Regional Quality Infrastructure Programme in Barbados, Dominica and St. Kitts and Nevis",Trade,Regional,Consultancy,"Guyana - Anett Matbadal USD 84,000",Guyana,- Anett Matbadal,USD,84000.0,84000.0,,https://www.caribank.org/work-with-us/procurement/contract-awards?solr_publication_contract_awards_years_filter=2022&page=3,CDB
2022,CDB2022-036,"Strengthening of the Regional Quality Infrastructure Programme in Barbados, Dominica and St. Kitts and Nevis",Trade,Regional,Consultancy,"Germany - Mesopartner Part G USD 60,260",Germany,- Mesopartner Part G,USD,60260.0,60260.0,,https://www.caribank.org/work-with-us/procurement/contract-awards?solr_publication_contract_awards_years_filter=2022&page=3,CDB
2022,CDB2022-037,"Strengthening of the Regional Quality Infrastructure Programme in Barbados, Dominica and St. Kitts and Nevis",Trade,Regional,Goods,"United Kingdom - InteTrade Limited EUR 36,294.60",United Kingdom,- InteTrade Limited,EUR,36294.6,38144.32,https://www.caribank.org/sites/default/files/publication-resources/CONTRACT_AWARD_INFORMATION%20Equipment%20Procurement%20InteTrade.pdf,https://www.caribank.org/work-with-us/procurement/contract-awards?solr_publication_contract_awards_years_filter=2022&page=3,CDB
2022,CDB2022-038,"Strengthening of the Regional Quality Infrastructure Programme in Barbados, Dominica and St. Kitts and Nevis",Trade,Regional,Goods,"Italy - AGT S.p.A EUR 212,211.35",Italy,- AGT S.p.A,EUR,212211.35,223026.53,,https://www.caribank.org/work-with-us/procurement/contract-awards?solr_publication_contract_awards_years_filter=2022&page=3,CDB
2022,CDB2022-039,Adressing Inequities in Online Teaching and Learning at the University of the West Indies,Education,Regional,Goods,"Barbados - Merville Lynch Productions Inc. USD 84,051.05",Barbados,- Merville Lynch Productions Inc.,USD,84051.05,84051.05,,https://www.caribank.org/work-with-us/procurement/contract-awards?solr_publication_contract_awards_years_filter=2022&page=3,CDB
2022,CDB2022-040,Adressing Inequities in Online Teaching and Learning at the University of the West Indies,Education,Regional,Consultancy,"United Kingdom - London Film Academy USD 9,977",United Kingdom,- London Film Academy,USD,9977.0,9977.0,,https://www.caribank.org/work-with-us/procurement/contract-awards?solr_publication_contract_awards_years_filter=2022&page=3,CDB
2022,CDB2022-041,Development of Guidelines to Facilitate Intra-Regional Trade in Selected Plant and Animal Products,,Regional,Consultancy,"Antigua - Gore Frncis ans Associates USD 145,000",,Antigua - Gore Frncis ans Associates,USD,145000.0,145000.0,,https://www.caribank.org/work-with-us/procurement/contract-awards?solr_publication_contract_awards_years_filter=2022&page=4,CDB
2022,CDB2022-042,Southern Plains Agricultural Development Project,Food Security,Jamaica,Consultancy,"Jamaica - Environmental Solutions Ltd. JMD 10,453,923.50",Jamaica,- Environmental Solutions Ltd.,JMD,10453923.5,68136.22,,https://www.caribank.org/work-with-us/procurement/contract-awards?solr_publication_contract_awards_years_filter=2022&page=4,CDB
2022,CDB2022-043,Southern Plains Agricultural Development Project,Food Security,Jamaica,Consultancy,"Jamaica - Kenneth Reid JMD 6,394,000",Jamaica,- Kenneth Reid,JMD,6394000.0,41674.59,,https://www.caribank.org/work-with-us/procurement/contract-awards?solr_publication_contract_awards_years_filter=2022&page=4,CDB
2022,CDB2022-044,Southern Plains Agricultural Development Project,Food Security,Jamaica,Consultancy,"Jamaica - Crowe Howarth Jamaica Ltd. JMD 2,000,000",Jamaica,- Crowe Howarth Jamaica Ltd.,JMD,2000000.0,13035.53,,https://www.caribank.org/work-with-us/procurement/contract-awards?solr_publication_contract_awards_years_filter=2022&page=4,CDB
2022,CDB2022-045,Southern Plains Agricultural Development Project,Food Security,Jamaica,Goods,"Jamaica - Key Motors Limited JMD 9,879,676",Jamaica,- Key Motors Limited,JMD,9879676.0,64393.41,,https://www.caribank.org/work-with-us/procurement/contract-awards?solr_publication_contract_awards_years_filter=2022&page=4,CDB
2022,CDB2022-046,Strengthening the Intellectual Property Ecosystem to the Jamaica Intellectual Property Office (JIPO),,Jamaica,Consultancy,"Jamaica -Kayanne Anderson USD 25,000",Jamaica,-Kayanne Anderson,USD,25000.0,25000.0,,https://www.caribank.org/work-with-us/procurement/contract-awards?solr_publication_contract_awards_years_filter=2022&page=4,CDB
2022,CDB2022-047,Essex Valley Agriculture Development Project,Food Security,Jamaica,Works,"Jamaica -M &amp; M Jamaica Limited JMD 11,965,859.59",Jamaica,-M &amp; M Jamaica Limited,JMD,11965859.59,77990.67,,https://www.caribank.org/work-with-us/procurement/contract-awards?solr_publication_contract_awards_years_filter=2022&page=4,CDB
2022,CDB2022-048,Essex Valley Agriculture Development Project,Food Security,Jamaica,Consultancy,"Jamaica - Norville Belvett JMD 18,394,296",Jamaica,- Norville Belvett,JMD,18394296.0,119889.71,,https://www.caribank.org/work-with-us/procurement/contract-awards?solr_publication_contract_awards_years_filter=2022&page=4,CDB
2022,CDB2022-049,Essex Valley Agriculture Development Project,Food Security,Jamaica,Consultancy,"Jamaica - Merlinda Plummer JMD 12,000,000",Jamaica,- Merlinda Plummer,JMD,12000000.0,78213.19,,https://www.caribank.org/work-with-us/procurement/contract-awards?solr_publication_contract_awards_years_filter=2022&page=4,CDB
2022,CDB2022-050,Essex Valley Agriculture Development Project,Food Security,Jamaica,Consultancy,"Jamaica - Kevin Sinclair JMD 18,394,296",Jamaica,- Kevin Sinclair,JMD,18394296.0,119889.71,,https://www.caribank.org/work-with-us/procurement/contract-awards?solr_publication_contract_awards_years_filter=2022&page=4,CDB
2022,CDB2022-051,Essex Valley Agriculture Development Project,Food Security,Jamaica,Consultancy,"Jamaica - Petronia Colley JMD 24,644,296",Jamaica,- Petronia Colley,JMD,24644296.0,160625.74,,https://www.caribank.org/work-with-us/procurement/contract-awards?solr_publication_contract_awards_years_filter=2022&page=5,CDB
2022,CDB2022-052,Essex Valley Agriculture Development Project,Food Security,Jamaica,Consultancy,"Jamaica - Rupert Green JMD 13,494,924",Jamaica,- Rupert Green,JMD,13494924.0,87956.75,,https://www.caribank.org/work-with-us/procurement/contract-awards?solr_publication_contract_awards_years_filter=2022&page=5,CDB
2022,CDB2022-053,Essex Valley Agriculture Development Project,Food Security,Jamaica,Consultancy,"Jamaica - Lorna Green JMD 16,789,848",Jamaica,- Lorna Green,JMD,16789848.0,109432.29,,https://www.caribank.org/work-with-us/procurement/contract-awards?solr_publication_contract_awards_years_filter=2022&page=5,CDB
2022,CDB2022-054,Essex Valley Agriculture Development Project,Food Security,Jamaica,Consultancy,"Jamaica - Michael White JMD 8,178,000",Jamaica,- Michael White,JMD,8178000.0,53302.29,,https://www.caribank.org/work-with-us/procurement/contract-awards?solr_publication_contract_awards_years_filter=2022&page=5,CDB
2022,CDB2022-055,Essex Valley Agriculture Development Project,Food Security,Jamaica,Consultancy,"Jamaica - Mona School of Business JMD 24,339,800",Jamaica,- Mona School of Business,JMD,24339800.0,158641.11,,https://www.caribank.org/work-with-us/procurement/contract-awards?solr_publication_contract_awards_years_filter=2022&page=5,CDB
2022,CDB2022-056,Community-Based Agriculture and Rural Development,Food Security,Haiti,Goods,"Haiti - Abeille S.A. HTG 1,695,408",Haiti,- Abeille S.A.,HTG,1695408.0,14662.26,,https://www.caribank.org/work-with-us/procurement/contract-awards?solr_publication_contract_awards_years_filter=2022&page=5,CDB
2022,CDB2022-057,Community-Based Agriculture and Rural Development,Food Security,Haiti,Goods,"Haiti - Perfecta S.A. USD 6,253.72",Haiti,- Perfecta S.A.,USD,6253.72,6253.72,,https://www.caribank.org/work-with-us/procurement/contract-awards?solr_publication_contract_awards_years_filter=2022&page=5,CDB
2022,CDB2022-058,Skills Development and Employability Project,,Guyana,Consultancy,"Japan - Yohance McDonald USD 15,000",Japan,- Yohance McDonald,USD,15000.0,15000.0,,https://www.caribank.org/work-with-us/procurement/contract-awards?solr_publication_contract_awards_years_filter=2022&page=5,CDB
2022,CDB2022-059,TA - Institutional Strengthening Energy Sector - Grenada,,Grenada,Consultancy,"Grenada - Wendy Frederick USD 42,000",Grenada,- Wendy Frederick,USD,42000.0,42000.0,,https://www.caribank.org/work-with-us/procurement/contract-awards?solr_publication_contract_awards_years_filter=2022&page=5,CDB
2022,CDB2022-060,Water Supply Expansion and Sewerage Improvement Project,Transportation,Grenada,Consultancy,"Grenada - Roberts Caribbean Limited USD 59,200",Grenada,- Roberts Caribbean Limited,USD,59200.0,59200.0,,https://www.caribank.org/work-with-us/procurement/contract-awards?solr_publication_contract_awards_years_filter=2022&page=5,CDB
2022,CDB2022-061,Road and Bridge Rehabilitation-Loubiere to Bagatelle Road and Road Network and Road Safety Assessment - Post Tropical Storm Erika,,Dominica,Consultancy,"St. Lucia - Amarna Consult Limited XCD 569,105",St. Lucia,- Amarna Consult Limited,XCD,569105.0,210779.63,,https://www.caribank.org/work-with-us/procurement/contract-awards?solr_publication_contract_awards_years_filter=2022&page=6,CDB
2022,CDB2022-062,Technical Assistance - British Virgin Island Climate Resilient Energy Infrastructure Project Preparation,Climate,British Virgin Islands,Consultancy,"USA - Rocky Mountain Institute USD 250,000",,USA - Rocky Mountain Institute,USD,250000.0,250000.0,,https://www.caribank.org/work-with-us/procurement/contract-awards?solr_publication_contract_awards_years_filter=2022&page=6,CDB
2022,CDB2022-063,Reconciliation and Rehabilitation Grant - Barbuda Energy Resilience Project,Climate,Antigua and Barbuda,Consultancy,"Antigua - Engineering Plus Limited USD 112,720",,Antigua - Engineering Plus Limited,USD,112720.0,112720.0,,https://www.caribank.org/work-with-us/procurement/contract-awards?solr_publication_contract_awards_years_filter=2022&page=6,CDB
2022,CDB2022-064,Reconciliation and Rehabilitation Grant - Barbuda Energy Resilience Project,Climate,Antigua and Barbuda,Consultancy,"Canada - CBCL Limited USD 700,317",Canada,- CBCL Limited,USD,700317.0,700317.0,,https://www.caribank.org/work-with-us/procurement/contract-awards?solr_publication_contract_awards_years_filter=2022&page=6,CDB
2022,CDB2022-065,Road Infrastructure Rehabilitation,Transportation,Antigua and Barbuda,Consultancy,"Bahamas - Caribbean Civil Group Limited USD 241,000",,Bahamas - Caribbean Civil Group Limited,USD,241000.0,241000.0,,https://www.caribank.org/work-with-us/procurement/contract-awards?solr_publication_contract_awards_years_filter=2022&page=6,CDB
2022,CDB2022-066,Technical and Vocational Education and Training Development,,Saint Vincent and the Grenadines,Goods,"United Kingdom - Sotex International Ltd. USD 521,974.32",United Kingdom,- Sotex International Ltd.,USD,521974.32,521974.32,,https://www.caribank.org/work-with-us/procurement/contract-awards?solr_publication_contract_awards_years_filter=2022&page=6,CDB
2022,CDB2022-067,Youth Empowerment Project,Youth,Saint Lucia,Consultancy,"St. Lucia - Cuthbert Henry XCD 21,120",St. Lucia,- Cuthbert Henry,XCD,21120.0,7822.22,,https://www.caribank.org/work-with-us/procurement/contract-awards?solr_publication_contract_awards_years_filter=2022&page=6,CDB
2022,CDB2022-068,Youth Empowerment Project,Youth,Saint Lucia,Consultancy,"St. Lucia - Glen Guiste XCD 5,500",St. Lucia,- Glen Guiste,XCD,5500.0,2037.04,,https://www.caribank.org/work-with-us/procurement/contract-awards?solr_publication_contract_awards_years_filter=2022&page=6,CDB
2022,CDB2022-069,Youth Empowerment Project,Youth,Saint Lucia,Consultancy,"St. Lucia - Roxanne Iva Snyder XCD 5,500",St. Lucia,- Roxanne Iva Snyder,XCD,5500.0,2037.04,,https://www.caribank.org/work-with-us/procurement/contract-awards?solr_publication_contract_awards_years_filter=2022&page=6,CDB
2022,CDB2022-070,Youth Empowerment Project,Youth,Saint Lucia,Consultancy,"St. Lucia - Melissa Stephanie John XCD 5,500",St. Lucia,- Melissa Stephanie John,XCD,5500.0,2037.04,,https://www.caribank.org/work-with-us/procurement/contract-awards?solr_publication_contract_awards_years_filter=2022&page=6,CDB
2022,CDB2022-071,Vieux Fort Water Supply Development,,Saint Lucia,Consultancy,"Germany - CES Consulting Engineers GmbH USD 385,057.50",Germany,- CES Consulting Engineers GmbH,USD,385057.5,385057.5,,https://www.caribank.org/work-with-us/procurement/contract-awards?solr_publication_contract_awards_years_filter=2022&page=7,CDB
2022,CDB2022-072,Vieux Fort Water Supply Development,,Saint Lucia,Works,"France - Vinci Construction Grands Projets SAS USD 6,895,049",France,- Vinci Construction Grands Projets SAS,USD,6895049.0,6895049.0,,https://www.caribank.org/work-with-us/procurement/contract-awards?solr_publication_contract_awards_years_filter=2022&page=7,CDB
2022,CDB2022-073,Millennium Highway and West Coast Road Reconstruction Project,,Saint Lucia,Consultancy,"Canada - Golota Isaac Lamah USD 128,000",Canada,- Golota Isaac Lamah,USD,128000.0,128000.0,,https://www.caribank.org/work-with-us/procurement/contract-awards?solr_publication_contract_awards_years_filter=2022&page=7,CDB
2022,CDB2022-074,Millennium Highway and West Coast Road Reconstruction Project,,Saint Lucia,Works,"Barbados - C.O. Williams Construction Co. XCD 4,461,475.12",Barbados,- C.O. Williams Construction Co.,XCD,4461475.12,1652398.19,,https://www.caribank.org/work-with-us/procurement/contract-awards?solr_publication_contract_awards_years_filter=2022&page=7,CDB
2022,CDB2022-075,Millennium Highway and West Coast Road Reconstruction Project,,Saint Lucia,Consultancy,"United Kingdom - Prozarau Siarhei USD 8,150",United Kingdom,- Prozarau Siarhei,USD,8150.0,8150.0,,https://www.caribank.org/work-with-us/procurement/contract-awards?solr_publication_contract_awards_years_filter=2022&page=7,CDB
2022,CDB2022-076,Skills Development and Employability Project,,Guyana,Works,"Guyana - S&amp;K Construction and Consultancy Services USD 816,021.60",Guyana,- S&amp;K Construction and Consultancy Services,USD,816021.6,816021.6,,https://www.caribank.org/work-with-us/procurement/contract-awards?solr_publication_contract_awards_years_filter=2022&page=7,CDB
2022,CDB2022-077,Skills Development and Employability Project,,Guyana,Works,"Guyana - Kallco Guyana Inc GYD 186,478,810.00",Guyana,- Kallco Guyana Inc,GYD,186478810.0,894382.78,,https://www.caribank.org/work-with-us/procurement/contract-awards?solr_publication_contract_awards_years_filter=2022&page=7,CDB
2022,CDB2022-078,Skills Development and Employability Project,,Guyana,Works,"Guyana - M &amp; P Investment Guyana Inc. -JV USD 1,567,340.21",Guyana,- M &amp; P Investment Guyana Inc. -JV,USD,1567340.21,1567340.21,,https://www.caribank.org/work-with-us/procurement/contract-awards?solr_publication_contract_awards_years_filter=2022&page=7,CDB
2022,CDB2022-079,Sea and River Resilience Project,,Guyana,Consultancy,"St. Lucia - DLN Consultants USD 1,470,000",St. Lucia,- DLN Consultants,USD,1470000.0,1470000.0,,https://www.caribank.org/work-with-us/procurement/contract-awards?solr_publication_contract_awards_years_filter=2022&page=7,CDB
2022,CDB2022-080,Integrated Solid Waste Management Project,,Grenada,Works,"Grenada - Inversiones 7000 A.C. and Construction 7000 Grenada Inc. XCD 3,483,080.13",Grenada,- Inversiones 7000 A.C. and Construction 7000 Grenada Inc.,XCD,3483080.13,1290029.68,,https://www.caribank.org/work-with-us/procurement/contract-awards?solr_publication_contract_awards_years_filter=2022&page=7,CDB
2022,CDB2022-081,Natural Disaster Management - Extreme Rainfall Event,,Grenada,Consultancy,"St. Lucia - FDL Consult XCD 324,600",St. Lucia,- FDL Consult,XCD,324600.0,120222.22,,https://www.caribank.org/work-with-us/procurement/contract-awards?solr_publication_contract_awards_years_filter=2022&page=8,CDB
2022,CDB2022-082,Natural Disaster Management - Extreme Rainfall Event,,Grenada,Consultancy,"St. Lucia - Amarna Consult XCD 412,700",St. Lucia,- Amarna Consult,XCD,412700.0,152851.85,,https://www.caribank.org/work-with-us/procurement/contract-awards?solr_publication_contract_awards_years_filter=2022&page=8,CDB
2022,CDB2022-083,Second Road Safety Project,Transportation,Belize,Consultancy,"Belize - Ignite Limited BZD 350,150.00",Belize,- Ignite Limited,BZD,350150.0,175075.0,https://www.caribank.org/sites/default/files/publication-resources/CONTRACT%20AWARD%20INFORMATION%20Ignite%20Ltd.%20Revised%20.pdf,https://www.caribank.org/work-with-us/procurement/contract-awards?solr_publication_contract_awards_years_filter=2022&page=8,CDB
2022,CDB2022-084,Second Road Safety Project,Transportation,Belize,Goods,"Belize - G S Com BZD 13,162.50",Belize,- G S Com,BZD,13162.5,6581.25,,https://www.caribank.org/work-with-us/procurement/contract-awards?solr_publication_contract_awards_years_filter=2022&page=8,CDB
2022,CDB2022-085,Second Road Safety Project,Transportation,Belize,Goods,"Belize - The Angelus Press Ltd BZD 2,727",Belize,- The Angelus Press Ltd,BZD,2727.0,1363.5,,https://www.caribank.org/work-with-us/procurement/contract-awards?solr_publication_contract_awards_years_filter=2022&page=8,CDB
2022,CDB2022-086,Second Road Safety Project,Transportation,Belize,Goods,"Belize - The Angelus Press Ltd BZD 16,265",Belize,- The Angelus Press Ltd,BZD,16265.0,8132.5,,https://www.caribank.org/work-with-us/procurement/contract-awards?solr_publication_contract_awards_years_filter=2022&page=8,CDB
2022,CDB2022-087,Second Road Safety Project,Transportation,Belize,Goods,"Belize - Fultec Systems Ltd BZD 17,442.30",Belize,- Fultec Systems Ltd,BZD,17442.3,8721.15,,https://www.caribank.org/work-with-us/procurement/contract-awards?solr_publication_contract_awards_years_filter=2022&page=8,CDB
2022,CDB2022-088,Second Road Safety Project,Transportation,Belize,Goods,"Belize - Juan Coye BZD 13,836",Belize,- Juan Coye,BZD,13836.0,6918.0,,https://www.caribank.org/work-with-us/procurement/contract-awards?solr_publication_contract_awards_years_filter=2022&page=8,CDB
2022,CDB2022-089,Philip Goldson Highway and Remate Bypass Upgrading Project,Transportation,Belize,Consultancy,"Canada - Christine Scott International Consulting Inc. USD 150,362",Canada,- Christine Scott International Consulting Inc.,USD,150362.0,150362.0,,https://www.caribank.org/work-with-us/procurement/contract-awards?solr_publication_contract_awards_years_filter=2022&page=8,CDB
2022,CDB2022-090,Philip Goldson Highway and Remate Bypass Upgrading Project,Transportation,Belize,Consultancy,"Montserrat - Aldean Williams USD 205,890",,Montserrat - Aldean Williams,USD,205890.0,205890.0,,https://www.caribank.org/work-with-us/procurement/contract-awards?solr_publication_contract_awards_years_filter=2022&page=8,CDB
2022,CDB2022-091,Belize Social Investment Fund III,Private Sector Development,Belize,Works,"Belize - Humana People to People Belize BZD 200,000",Belize,- Humana People to People Belize,BZD,200000.0,100000.0,,https://www.caribank.org/work-with-us/procurement/contract-awards?solr_publication_contract_awards_years_filter=2022&page=9,CDB
2022,CDB2022-092,Belize Social Investment Fund III,Private Sector Development,Belize,Works,"Belize - Triple E Construction BZD 1,399,989.64",Belize,- Triple E Construction,BZD,1399989.64,699994.82,https://www.caribank.org/sites/default/files/publication-resources/211102_BZE_BSIF3_Caye%20Caulker%20Health%20Center_W_Construction_CAI%209%20%28Final%29.pdf,https://www.caribank.org/work-with-us/procurement/contract-awards?solr_publication_contract_awards_years_filter=2022&page=9,CDB
2022,CDB2022-093,Belize Social Investment Fund III,Private Sector Development,Belize,Goods,"Belize - GS-COM BZD 29,555.99",Belize,- GS-COM,BZD,29555.99,14778.0,https://www.caribank.org/sites/default/files/publication-resources/CONTRACT%20AWARD%20INFORMATION%20-%20FOR%20SUPPY%20AND%20DELIVERY%20IT%20EQUIPMENT%20FOR%20MARIA%20CRAWFORD%20HEALTH%20CENTER%20-CROOKED%20TREE%20VILLAGE%20-BELIZE%20.pdf,https://www.caribank.org/work-with-us/procurement/contract-awards?solr_publication_contract_awards_years_filter=2022&page=9,CDB
2022,CDB2022-094,Belize Social Investment Fund III,,Belize,Consultancy,"Belize - Anthony Thurton and Associates Ltd. BZD 251,887.50 (Inclusive of taxes)",Belize,- Anthony Thurton and Associates Ltd. (Inclusive of taxes),BZD,251887.5,125943.75,https://www.caribank.org/sites/default/files/publication-resources/Contract-Award-Information-Consultancy%20Services%20for%20Corazon%20Technical%20High%20School.pdf,https://www.caribank.org/work-with-us/procurement/contract-awards?solr_publication_contract_awards_years_filter=2022&page=9,CDB
2022,CDB2022-095,Belize Education Sector Reform Programme II,Education,Belize,Consultancy,"St. Lucia - Marcus Edward USD 67,000",St. Lucia,- Marcus Edward,USD,67000.0,67000.0,,https://www.caribank.org/work-with-us/procurement/contract-awards?solr_publication_contract_awards_years_filter=2022&page=9,CDB
2022,CDB2022-096,Sixth Power Project - Electricity System Upgrade and Expansion,Climate,Belize,Works,"USA - S and C Electric Company USD 398,151",,USA - S and C Electric Company,USD,398151.0,398151.0,,https://www.caribank.org/work-with-us/procurement/contract-awards?solr_publication_contract_awards_years_filter=2022&page=9,CDB
2022,CDB2022-097,Second Road Infrastructure Rehabilitation Project,Transportation,Antigua and Barbuda,Consultancy,"Italy - Fred Engineering S.r.l. USD 259,500",Italy,- Fred Engineering S.r.l.,USD,259500.0,259500.0,,https://www.caribank.org/work-with-us/procurement/contract-awards?solr_publication_contract_awards_years_filter=2022&page=9,CDB
2022,CDB2022-098,Second Road Infrastructure Rehabilitation Project,Transportation,Antigua and Barbuda,Consultancy,"Antigua - Anne Harewood-George USD 97,200",,Antigua - Anne Harewood-George,USD,97200.0,97200.0,,https://www.caribank.org/work-with-us/procurement/contract-awards?solr_publication_contract_awards_years_filter=2022&page=9,CDB
2022,CDB2022-099,Second Road Infrastructure Rehabilitation Project,Transportation,Antigua and Barbuda,Consultancy,"St. Lucia - Dennis Cudjoe USD 259,500",St. Lucia,- Dennis Cudjoe,USD,259500.0,259500.0,,https://www.caribank.org/work-with-us/procurement/contract-awards?solr_publication_contract_awards_years_filter=2022&page=9,CDB
2022,CDB2022-100,Rehabilitation and Reconstruction Support (Hurricane Irma),Climate,Antigua and Barbuda,Consultancy,"Guyana- Andrew Jeffrey USD 134,775",Guyana,- Andrew Jeffrey,USD,134775.0,134775.0,,https://www.caribank.org/work-with-us/procurement/contract-awards?solr_publication_contract_awards_years_filter=2022&page=9,CDB
2022,CDB2022-101,Kingstown Port Modernisation Project: Lot 1- Primary Cargo Port Design and Build Contract,Tourism,Saint Vincent and the Grenadines,Works,"Canada - Aecon Construction Group Inc. USD155, 303, 809. 73 &amp; EUR12, 306, 636.14",Canada,"- Aecon Construction Group Inc. &amp; EUR12,306,636.14",USD,155303809.73,155303809.73,https://www.caribank.org/sites/default/files/publication-resources/220405_SVG_Kingstown%20Port%20Modernisation%20Project_W_Design%20%20Build%20Contractor_1.pdf,https://www.caribank.org/work-with-us/procurement/contract-awards?solr_publication_contract_awards_years_filter=2022&page=10,CDB
2022,CDB2022-102,Kingstown Port Modernisation Project: Lot 1 - Primary Cargo Port Design Review and Construction Supervision,Tourism,Saint Vincent and the Grenadines,Consultancy,"Germany - Sellhorn Ingenieurgesellschaft mbH EUR3, 884, 905",Germany,- Sellhorn Ingenieurgesellschaft mbH,EUR,3884905.0,4082896.02,https://www.caribank.org/sites/default/files/publication-resources/220405_SVG_Kingstown%20Port%20Modernisation%20Project_CS_Supervision%20Consultants_2.pdf,https://www.caribank.org/work-with-us/procurement/contract-awards?solr_publication_contract_awards_years_filter=2022&page=10,CDB
2022,CDB2022-103,"Development of a Regional Monitoring, Reporting and Verification System (MRVS) for Four Countries",,Regional,Consultancy,"Canada - Le Groupe-conseil Baastel Itee (Baastel) USD178,576",Canada,- Le Groupe-conseil Baastel Itee (Baastel),USD,178576.0,178576.0,https://www.caribank.org/sites/default/files/publication-resources/220503_REG_CGF_Framework%20for%20climate%20finance%20MRV_CS_MRV_Baastel_CAI_Final.pdf,https://www.caribank.org/work-with-us/procurement/contract-awards?solr_publication_contract_awards_years_filter=2022&page=10,CDB
2022,CDB2022-104,Climate Finance Mapping and Country Needs Assessment Across Four Countries,,Regional,Consultancy,"Belize - Caribbean Community Climate Change Centre USD391,602",Belize,- Caribbean Community Climate Change Centre,USD,391602.0,391602.0,https://www.caribank.org/sites/default/files/publication-resources/220503_REG_CGF_Framework%20for%20climate%20finance%20MRV_CS_Mapping_Five%20Cs_CAI_Final.pdf,https://www.caribank.org/work-with-us/procurement/contract-awards?solr_publication_contract_awards_years_filter=2022&page=10,CDB
2022,CDB2022-105,Third Water (South Ambergris Caye Water and Sewerage Expansion) Project - Improving Communications and Stakeholder Engagement,Water Resource Management,Belize,Consultancy,"Trinidad - UWI – Arthur Lok Jack Global School of Business USD95,324.00",,Trinidad - UWI – Arthur Lok Jack Global School of Business,USD,95324.0,95324.0,https://www.caribank.org/sites/default/files/publication-resources/BZE_Third%20Water_CS_Communications%20Policy_CAI_final.pdf,https://www.caribank.org/work-with-us/procurement/contract-awards?solr_publication_contract_awards_years_filter=2022&page=10,CDB
2022,CDB2022-106,"Loan No.10/Or-DMI- Rehabilitation and Reconstruction Loan: Hurricane Maria, Commonwealth of Dominica. Sugarloaf Flood Mitigation Wall",Climate,Dominica,Works,"Dominica - Dee’s Construction XCD822,631.80",Dominica,- Dee’s Construction,XCD,822631.8,304678.44,https://www.caribank.org/sites/default/files/publication-resources/Contract%20Award%20Information%20-%20SL%20Mitigation%20Flood%20Wall.pdf,https://www.caribank.org/work-with-us/procurement/contract-awards?solr_publication_contract_awards_years_filter=2022&page=10,CDB
2022,CDB2022-107,PADU PENSTOCK Rehabilitation Project - LOAN NO.10/OR-DMI- Rehabilitation and Reconstruction Loan – Hurricane Maria,Climate,Dominica,Works,"Dominica - Regional Contractors Inc. XCD654,312.74",Dominica,- Regional Contractors Inc.,XCD,654312.74,242338.05,https://www.caribank.org/sites/default/files/publication-resources/220331_DOM_RRL_W_Padu%20Penstock%20Replace%20Pipeline.pdf,https://www.caribank.org/work-with-us/procurement/contract-awards?solr_publication_contract_awards_years_filter=2022&page=10,CDB
2022,CDB2022-108,"Loan No.10/Or-DMI- Rehabilitation and Reconstruction Loan: Hurricane Maria, Commonwealth of Dominica. Rehabilitation of Ravine Fond Pipeline Bridge Support System",Climate,Dominica,Works,"Dominica - Regional Contractors Inc. XCD1,117,800.00",Dominica,- Regional Contractors Inc.,XCD,1117800.0,414000.0,https://www.caribank.org/sites/default/files/publication-resources/Contract%20Award%20Information%20-%20Ravine%20Fond.pdf,https://www.caribank.org/work-with-us/procurement/contract-awards?solr_publication_contract_awards_years_filter=2022&page=10,CDB
2022,CDB2022-109,Readiness Support for Strengthening the National Designated Authority through Green Climate Fund Readiness and Preparatory Support Programme,Climate,Suriname,Consultancy,"Germany - Frankfurt School of Finance and Management GmbH USD183,988",Germany,- Frankfurt School of Finance and Management GmbH,USD,183988.0,183988.0,https://www.caribank.org/sites/default/files/publication-resources/220323_SUR_GCF_Implementation%20Readiness_CS_Implementation%20Activities.pdf,https://www.caribank.org/work-with-us/procurement/contract-awards?solr_publication_contract_awards_years_filter=2022&page=10,CDB
2022,CDB2022-110,Montserrat Port Development Project - Design and Construction of Physical Infrastructure,Infrastructure,Montserrat,Works,"Tortola, British Virgin Islands - Meridian Construction Company Ltd. XCD90,188,920",,"Tortola, British Virgin Islands - Meridian Construction Company Ltd.",XCD,90188920.0,33403303.7,https://www.caribank.org/sites/default/files/publication-resources/220222_MON_Port%20Development_W_Design%20%20Construct%20Infrastructure_CAI.doc,https://www.caribank.org/work-with-us/procurement/contract-awards?solr_publication_contract_awards_years_filter=2022&page=10,CDB
2022,CDB2022-111,Technical Assistance Support for Training in Geospatial Mapping for Rural Haiti,,United Kingdom,Consultancy,"United Kingdom - Village Infrastructure Angels Ltd. USD515,223",United Kingdom,- Village Infrastructure Angels Ltd.,USD,515223.0,515223.0,https://www.caribank.org/sites/default/files/publication-resources/220216_HAI_GIS%20Mapping_CS_Training.docx,https://www.caribank.org/work-with-us/procurement/contract-awards?solr_publication_contract_awards_years_filter=2022&page=11,CDB
2022,CDB2022-112,Third Water (South Ambergris Caye Water and Sewerage Expansion) Project – Developing a Gender Policy and Operational Strategy for Human Resource Management,Water Resource Management,Belize,Consultancy,"Trinidad - Shidaa Sustainable Development Solutions Limited USD80,786.50",,Trinidad - Shidaa Sustainable Development Solutions Limited,USD,80786.5,80786.5,https://www.caribank.org/sites/default/files/publication-resources/220317_BZE%20Contract%20Award_Gender%20Policy_v2_Final.pdf,https://www.caribank.org/work-with-us/procurement/contract-awards?solr_publication_contract_awards_years_filter=2022&page=11,CDB
2022,CDB2022-113,Power Project Suriname-Electricity System Upgrade and Expansion Project,Infrastructure,Suriname,Goods,"India - Joint Venture of Transrail Lighting Limited, India (TLL) and Universal Cables Ltd., (UNISTAR) USD9,018,982.29",India,"- Joint Venture of Transrail Lighting Limited, India (TLL) and Universal Cables Ltd., (UNISTAR)",USD,9018982.29,9018982.29,https://www.caribank.org/sites/default/files/publication-resources/220309_SUR_Electricity%20System%20Upgrade_G_Lot%203%20Cables_CAI.pdf,https://www.caribank.org/work-with-us/procurement/contract-awards?solr_publication_contract_awards_years_filter=2022&page=11,CDB
2022,CDB2022-114,Vieux Fort Water Supply Redevelopment Project,Infrastructure,Saint Lucia,Goods,"Trinidad and Tobago - ROSE Environmental Ltd. USD51,490",Trinidad and Tobago,- ROSE Environmental Ltd.,USD,51490.0,51490.0,https://www.caribank.org/sites/default/files/publication-resources/220307_SLU_VFWSRP_G_Hydrometric%20Equipment.docx,https://www.caribank.org/work-with-us/procurement/contract-awards?solr_publication_contract_awards_years_filter=2022&page=11,CDB
2022,CDB2022-115,Seventh Power Project – Belize Caye Caulker Submarine Cable,Infrastructure,Belize,Goods,"USA - APS Power Solutions LLC USD371,980",,USA - APS Power Solutions LLC,USD,371980.0,371980.0,https://www.caribank.org/sites/default/files/publication-resources/220301%20BEL%20Seventh%20Power%20Project%20Contract%20Award%20Notice%20for%20two-%282%29%2034.5kV%20Switchgears%20-%20APS%20Power%20Solutions%20LLC.docx,https://www.caribank.org/work-with-us/procurement/contract-awards?solr_publication_contract_awards_years_filter=2022&page=11,CDB
2022,CDB2022-116,Basic Needs Trust Funds Ninth Programme (BNTF 9),Infrastructure,Belize,Works,"Belize - Joehann Construction &amp; Engineering Ltd. BZD869,785.02",Belize,- Joehann Construction &amp; Engineering Ltd.,BZD,869785.02,434892.51,https://www.caribank.org/sites/default/files/publication-resources/220217_BZE_BNTF9_W_Completion%20of%20San%20Isidro%20Government%20Primary%20School_CAI.pdf,https://www.caribank.org/work-with-us/procurement/contract-awards?solr_publication_contract_awards_years_filter=2022&page=11,CDB
2022,CDB2022-117,"Canouan Airport Runway Rehabilitation - Climate Risk and Vulnerability Assessment, Feasibility Studies and Designs",Climate,Saint Vincent and the Grenadines,Consultancy,"Germany - Kocks Consult GmbH USD616,773.60",Germany,- Kocks Consult GmbH,USD,616773.6,616773.6,https://www.caribank.org/sites/default/files/publication-resources/220127_SVG_Loan%20No.%2066_SFR-STV%20-%20Canouan%20Airport%20Runway%20Rehab_CS_Climate%20Risk%20Assessment_CAI_0.pdf,https://www.caribank.org/work-with-us/procurement/contract-awards?solr_publication_contract_awards_years_filter=2022&page=11,CDB
2022,CDB2022-118,Electricity System Upgrade and Expansion Project - Lot Substations Contract - CDB-930-012,Infrastructure,Suriname,Works,"Suriname - Kalpataru Power Transmission Ltd. USD49,967,002.40",Suriname,- Kalpataru Power Transmission Ltd.,USD,49967002.4,49967002.4,https://www.caribank.org/sites/default/files/publication-resources/220211_SUR_Electricity%20System%20Upgrade_Kalpataturu_G_Substations.docx,https://www.caribank.org/work-with-us/procurement/contract-awards?solr_publication_contract_awards_years_filter=2022&page=11,CDB
2022,CDB2022-119,"DESIGN, SUPPLY, AND INSTALLATION OF A SOLAR GRID-TIE ELECTRICAL SYSTEM FOR THE CRIQUE JUTE VILLAGE WATER SUPPLY SYSTEM, TOLEDO DISTRICT, BELIZE",Infrastructure,Belize,Works,"Belize - Solar Energy Solutions Belize Ltd. BZD $110,349.05",Belize,- Solar Energy Solutions Belize Ltd.,BZD,110349.05,55174.53,https://www.caribank.org/sites/default/files/publication-resources/220114_BZE_BNTF9_Crique%20Jute_W_Solar%20Grid-tie%20Electrical%20System_CAI.pdf,https://www.caribank.org/work-with-us/procurement/contract-awards?solr_publication_contract_awards_years_filter=2022&page=11,CDB
2023,CDB2023-001,Rehabilitation and Reconstruction Loan- Hurricane Irma Project,Climate,British Virgin Islands,Works,"Autland Heavy Equipment Company Ltd. - British Virgin Islands USD3,959,690.15",,Autland Heavy Equipment Company Ltd. - British Virgin Islands,USD,3959690.15,3959690.15,https://www.caribank.org/sites/default/files/publication-resources/CAS_EHRLC_Contract%20Award%20Information.pdf,https://www.caribank.org/work-with-us/procurement/contract-awards?solr_publication_contract_awards_years_filter=2023,CDB
2023,CDB2023-002,Bahamas Technical and Vocational Institute Enhancement Project,,The Bahamas,Works,"Bahamas- Patrick McDonald Construction Company Ltd. BSD 1,656,572.52",,Bahamas- Patrick McDonald Construction Company Ltd.,BSD,1656572.52,1656572.52,https://www.caribank.org/sites/default/files/publication-resources/BTVI-EP%20Freeport%20Construction%20Works_Contract%20Award%20Information_2023_0.pdf,https://www.caribank.org/work-with-us/procurement/contract-awards?solr_publication_contract_awards_years_filter=2023,CDB
2023,CDB2023-003,Institutional Capacity Building Within the National Utilities Regulatory Commission,Institutions,Saint Lucia,Consultancy,"Trinidad &amp; Tobago - Odyssey Consultinc Limited USD $ 15,210.00 (exclusive of taxes)",,Trinidad &amp; Tobago - Odyssey Consultinc Limited (exclusive of taxes),USD,15210.0,15210.0,https://www.caribank.org/sites/default/files/publication-resources/Contract%20Award%20Information%281%29%20090823%20final.pdf,https://www.caribank.org/work-with-us/procurement/contract-awards?solr_publication_contract_awards_years_filter=2023,CDB
2023,CDB2023-004,Basic Needs Trust Find Tenth Cycle,,Grenada,Consultancy,"St. Lucia - FDL Consult Inc. EC$630,085.00 (vat inclusive)",St. Lucia,- FDL Consult Inc. (vat inclusive),EC$,630085.0,233364.81,https://www.caribank.org/sites/default/files/publication-resources/230608_GRN_CONTRACT%20AWARD%20INFORMATION%28CONSULTANCY_SERVICES%29%20-%20EHRD_final_0.pdf,https://www.caribank.org/work-with-us/procurement/contract-awards?solr_publication_contract_awards_years_filter=2023,CDB
2023,CDB2023-005,School Improvement Project,Education,Saint Vincent and the Grenadines,Works,"St. Vincent and the Grenadines - Gibson Construction Ltd XCD $454,025.65",St. Vincent and the Grenadines,- Gibson Construction Ltd,XCD,454025.65,168157.65,https://www.caribank.org/sites/default/files/publication-resources/230525_CAI%20%28WORKS%29%20St.Vincent%20Grammar%20School%20Lot%201.pdf,https://www.caribank.org/work-with-us/procurement/contract-awards?solr_publication_contract_awards_years_filter=2023,CDB
2023,CDB2023-006,School Improvement Project,Education,Saint Vincent and the Grenadines,Works,"St. Vincent and the Grenadines - Gibson Construction Ltd XCD $145,135.00",St. Vincent and the Grenadines,- Gibson Construction Ltd,XCD,145135.0,53753.7,https://www.caribank.org/sites/default/files/publication-resources/230525_CAI%20%28WORKS%29%20St.Vincent%20Grammar%20School%20Lot%202.pdf,https://www.caribank.org/work-with-us/procurement/contract-awards?solr_publication_contract_awards_years_filter=2023,CDB
2023,CDB2023-007,School Improvement Project,Education,Saint Vincent and the Grenadines,Works,"St. Vincent and the Grenadines - Bally and Bally Investment Ltd XCD $538,756.00 (Inclusive of taxes)",St. Vincent and the Grenadines,- Bally and Bally Investment Ltd (Inclusive of taxes),XCD,538756.0,199539.26,https://www.caribank.org/sites/default/files/publication-resources/230525_CAI%20%28WORKS%29%20St.Vincent%20Grammar%20School%20Lot%203%20.pdf,https://www.caribank.org/work-with-us/procurement/contract-awards?solr_publication_contract_awards_years_filter=2023,CDB
2023,CDB2023-008,Kingstown Port Modernization Project,Private Sector Development,Saint Vincent and the Grenadines,Works,"Canada - Aecon Construction Group Inc US$ 155, 303, 809. 73 &amp; EUR 12, 306, 663.14 (Exclusive of taxes)",Canada,"- Aecon Construction Group Inc &amp; EUR 12,306,663.14 (Exclusive of taxes)",US$,155303809.73,155303809.73,https://www.caribank.org/sites/default/files/publication-resources/230525_SVG_CAI%20-Kingstown%20Port%20Modernisation%20Project%20-%20Design%20Build%20Contractor_Aecon%20.pdf,https://www.caribank.org/work-with-us/procurement/contract-awards?solr_publication_contract_awards_years_filter=2023,CDB
2023,CDB2023-009,Basic Needs Trust Fund 10,Poverty Alleviation,Belize,Consultancy,"Belize - Mitchell Moody Associates BZD $136,953.00 (Inclusive of taxes)",Belize,- Mitchell Moody Associates (Inclusive of taxes),BZD,136953.0,68476.5,,https://www.caribank.org/work-with-us/procurement/contract-awards?solr_publication_contract_awards_years_filter=2023,CDB
2023,CDB2023-010,OECS Procurement Reform Project,Private Sector Development,Regional,Consultancy,"United Kingdom - Crown Agents Limited USD 83,889",United Kingdom,- Crown Agents Limited,USD,83889.0,83889.0,https://www.caribank.org/sites/default/files/publication-resources/230516_SVG_Procurement%20Manual_Consultancy.pdf,https://www.caribank.org/work-with-us/procurement/contract-awards?solr_publication_contract_awards_years_filter=2023,CDB
2023,CDB2023-011,Education Quality Improvement Project,Education,Saint Lucia,Works,"St. Lucia - OB Sadoo Engineering Services Ltd. XCD 3,008,779.92 (Excluding VAT of XCD 376,097.49)",St. Lucia,"- OB Sadoo Engineering Services Ltd. (Excluding VAT of XCD 376,097.49)",XCD,3008779.92,1114362.93,https://www.caribank.org/sites/default/files/publication-resources/230427_SLU_EQuIP_SALCC%20Renovation.pdf,https://www.caribank.org/work-with-us/procurement/contract-awards?solr_publication_contract_awards_years_filter=2023&page=1,CDB
2023,CDB2023-012,Basic Needs Trust Fund Tenth Cycle,,Grenada,Consultancy,"St. Lucia - FDL Consult Inc. EC 312,397.50",St. Lucia,- FDL Consult Inc.,EC,312397.5,115702.78,https://www.caribank.org/sites/default/files/publication-resources/230424_GRN_CAI%20%28CONSULTANCY_SERVICES%29%20-%20BONAIR%20BRIDGE_BNTF%2010_final.pdf,https://www.caribank.org/work-with-us/procurement/contract-awards?solr_publication_contract_awards_years_filter=2023&page=1,CDB
2023,CDB2023-013,Belize Social Investment Fund III (BSIF Loan III) - Contract Variation,,Belize,Consultancy,"Belize - Anthony Thurton and Associates Ltd. BZD 242,720.33 (Inclusive of taxes)",Belize,- Anthony Thurton and Associates Ltd. (Inclusive of taxes),BZD,242720.33,121360.16,https://www.caribank.org/sites/default/files/publication-resources/230424_BZE_CAI%20Consultancy%20Services%20for%20Cristo%20Rey%20RC%20Pre-Primary%20and%20Primary%20School_Variation.pdf,https://www.caribank.org/work-with-us/procurement/contract-awards?solr_publication_contract_awards_years_filter=2023&page=1,CDB
2023,CDB2023-014,Belize Social Investment Fund III (BSIF Loan III) - Contract Variation,,Belize,Consultancy,"Belize - Anthony Thurton and Associates Ltd. BZD 370,644.42 (Inclusive of taxes)",Belize,- Anthony Thurton and Associates Ltd. (Inclusive of taxes),BZD,370644.42,185322.21,https://www.caribank.org/sites/default/files/publication-resources/230424_BZE_CAI_Consultancy%20Services%20for%20Corazon%20Technical%20High%20School.pdf,https://www.caribank.org/work-with-us/procurement/contract-awards?solr_publication_contract_awards_years_filter=2023&page=1,CDB
2023,CDB2023-015,St. Kitts & Nevis Technical and Vocational Education and Training Enhancement Project,Education,Saint Kitts and Nevis,Works,"St. Kitts - Lennox Warner &amp; Partner XCD 2,165,411.05",,St. Kitts - Lennox Warner &amp; Partner,XCD,2165411.05,802004.09,https://www.caribank.org/sites/default/files/publication-resources/230406_SKN_CONTRACT%20AWARD%20INFORMATION%20-%20AVEC_edited.pdf,https://www.caribank.org/work-with-us/procurement/contract-awards?solr_publication_contract_awards_years_filter=2023&page=1,CDB
2023,CDB2023-016,Essex Valley Agriculture Development Project,Food Security,Jamaica,Works,"Jamaica - Deryck A. Gibson Ltd USD 510,531.16",Jamaica,- Deryck A. Gibson Ltd,USD,510531.16,510531.16,https://www.caribank.org/sites/default/files/publication-resources/230403_JAM_Contract-Award%20%28Goods%29%20-Water%20Meters%20Revised%20310323.pdf,https://www.caribank.org/work-with-us/procurement/contract-awards?solr_publication_contract_awards_years_filter=2023&page=1,CDB
2023,CDB2023-017,Essex Valley Agriculture Development Project,Food Security,Jamaica,Works,"Jamaica - Wigton Windfarm Limited USD 7,328,445.17",Jamaica,- Wigton Windfarm Limited,USD,7328445.17,7328445.17,https://www.caribank.org/sites/default/files/publication-resources/230403_JAM_Contract-Award%20%28Works%29-Distributive%20Solar%20March%2023%202023%20Revised%20310323.pdf,https://www.caribank.org/work-with-us/procurement/contract-awards?solr_publication_contract_awards_years_filter=2023&page=1,CDB
2023,CDB2023-018,Basic Needs Trust Fund 10 Project,,Saint Vincent and the Grenadines,Works,"St. Vincent and the Grenadines - Bally and Bally Investment Ltd. XCD 440,057.20",St. Vincent and the Grenadines,- Bally and Bally Investment Ltd.,XCD,440057.2,162984.15,https://www.caribank.org/sites/default/files/publication-resources/230331_SVG_Stubbs%20Village%20Road%20-%20Contract%20Award%20%28Works%29.pdf,https://www.caribank.org/work-with-us/procurement/contract-awards?solr_publication_contract_awards_years_filter=2023&page=1,CDB
2023,CDB2023-019,Basic Needs Trust Fund 10 Project,,Saint Vincent and the Grenadines,Works,"St. Vincent and the Grenadines - Bally and Bally Investment Ltd. XCD 247,544.32",St. Vincent and the Grenadines,- Bally and Bally Investment Ltd.,XCD,247544.32,91683.08,https://www.caribank.org/sites/default/files/publication-resources/230331_SVG_Diamond%20Estate%20Footpath%20-%20Contract%20Award%20%28Works%29.pdf,https://www.caribank.org/work-with-us/procurement/contract-awards?solr_publication_contract_awards_years_filter=2023&page=1,CDB
2023,CDB2023-020,Basic Needs Trust Fund 10 Project,,Saint Vincent and the Grenadines,Works,"St. Vincent and the Grenadines - Bally and Bally Investment Ltd. XCD 425,393.21",St. Vincent and the Grenadines,- Bally and Bally Investment Ltd.,XCD,425393.21,157553.04,https://www.caribank.org/sites/default/files/publication-resources/230331_SVG_Pepper%20Village%20Road%20-%20Contract%20Award%20%20%28Works%29.pdf,https://www.caribank.org/work-with-us/procurement/contract-awards?solr_publication_contract_awards_years_filter=2023&page=1,CDB
2023,CDB2023-021,Basic Needs Trust Fund 10 Project,,Saint Vincent and the Grenadines,Works,"St. Vincent and the Grenadines - Jack’s Construction Services XCD 1,029,450.40",St. Vincent and the Grenadines,- Jack’s Construction Services,XCD,1029450.4,381277.93,https://www.caribank.org/sites/default/files/publication-resources/230331_SVG_New%20Chapmans%20VIllage%20Road%20-%20Contract%20Award%20%28Works%29.pdf,https://www.caribank.org/work-with-us/procurement/contract-awards?solr_publication_contract_awards_years_filter=2023&page=2,CDB
2023,CDB2023-022,Basic Needs Trust Fund 10 Project,,Saint Vincent and the Grenadines,Works,"St. Vincent and the Grenadines - Jack’s Construction Services XCD 1,138,091.02",St. Vincent and the Grenadines,- Jack’s Construction Services,XCD,1138091.02,421515.19,https://www.caribank.org/sites/default/files/publication-resources/230331_SVG_Brighton%20Village%20Road%20-%20Contract%20Award%20%28Works%29.pdf,https://www.caribank.org/work-with-us/procurement/contract-awards?solr_publication_contract_awards_years_filter=2023&page=2,CDB
2023,CDB2023-023,Rehabilitation and Reconstruction Loan Hurricane Irma,Transportation,British Virgin Islands,Consultancy,"British Virgin Islands - Tortola Paving Limited USD $643,555.00",British Virgin Islands,- Tortola Paving Limited,USD,643555.0,643555.0,https://www.caribank.org/sites/default/files/publication-resources/230330_BVI_CONTRACT_AWARD_INFORMATION%20%28WORKS%29%20FISH%20BAY.pdf,https://www.caribank.org/work-with-us/procurement/contract-awards?solr_publication_contract_awards_years_filter=2023&page=2,CDB
2023,CDB2023-024,Natural Disaster Management - Rehabilitation and Reconstruction (Hurricane Tomas/North Windward),Climate,Saint Vincent and the Grenadines,Works,"St. Vincent &amp; the Grenadines - Franco Construction Ltd XCD 6,060,539.03 (Revised Contract Amount)",,St. Vincent &amp; the Grenadines - Franco Construction Ltd (Revised Contract Amount),XCD,6060539.03,2244644.09,https://www.caribank.org/sites/default/files/publication-resources/230330_SVG_CAI%20%28WORKS%29%20-Mesopotamia%20Community%20Centre%20.pdf,https://www.caribank.org/work-with-us/procurement/contract-awards?solr_publication_contract_awards_years_filter=2023&page=2,CDB
2023,CDB2023-025,Natural Disaster Risk Reduction and Climate Change Adaptation Project,Climate,Saint Vincent and the Grenadines,Works,"St. Vincent &amp; the Grenadines - Joint Venture (JV): Franco Construction Ltd and Sea Operations Ltd. XCD 3,539,883.14 (Revised Contract Amount)",,St. Vincent &amp; the Grenadines - Joint Venture (JV): Franco Construction Ltd and Sea Operations Ltd. (Revised Contract Amount),XCD,3539883.14,1311067.83,https://www.caribank.org/sites/default/files/publication-resources/230330_SVG_CAI%20%28WORKS%29%20-%20Yambou%20and%20Teviot%20River%20Defense%20and%20Training%20Works%20Mesopotamia%20_0.pdf,https://www.caribank.org/work-with-us/procurement/contract-awards?solr_publication_contract_awards_years_filter=2023&page=2,CDB
2023,CDB2023-026,Natural Disaster Risk Reduction and Climate Change Adaptation Project,Climate,Saint Vincent and the Grenadines,Works,"St. Vincent &amp; the Grenadines - Franco Construction Ltd XCD 2,069,326,.45 (Revised Contract Amount)",,"St. Vincent &amp; the Grenadines - Franco Construction Ltd ,.45 (Revised Contract Amount)",XCD,2069326.0,766417.04,https://www.caribank.org/sites/default/files/publication-resources/230330_SVG_WORKS%20-%20Union%20River%20Defense%20Training%20Works%20.pdf,https://www.caribank.org/work-with-us/procurement/contract-awards?solr_publication_contract_awards_years_filter=2023&page=2,CDB
2023,CDB2023-027,Natural Disaster Management - Rehabilitation and Reconstruction (Hurricane Tomas/North Windward),Climate,Saint Vincent and the Grenadines,Consultancy,"Jamaica - Smith Warner International (SWIL) USD 223,980.05",Jamaica,- Smith Warner International (SWIL),USD,223980.05,223980.05,https://www.caribank.org/sites/default/files/publication-resources/230329_SVG_CONSULTANCY_SERVICES%20-%20SWIL%20-%20Sandy%20Bay%20-%20Addendum_.pdf,https://www.caribank.org/work-with-us/procurement/contract-awards?solr_publication_contract_awards_years_filter=2023&page=2,CDB
2023,CDB2023-028,"Natural Disaster Management - Rehabilitation and Reconstruction - December 2013, Trough Event",Climate,Saint Vincent and the Grenadines,Consultancy,"United Kingdom - Mott MacDonald Limited USD 694,272.22",United Kingdom,- Mott MacDonald Limited,USD,694272.22,694272.22,https://www.caribank.org/sites/default/files/publication-resources/230329_SVG_CONSULTANCY_SERVICES%20-%20Mott%20Macdonald.pdf,https://www.caribank.org/work-with-us/procurement/contract-awards?solr_publication_contract_awards_years_filter=2023&page=2,CDB
2023,CDB2023-029,St. Kitts and Nevis Technical Vocational Education and Training Enhancement Project,Education,Saint Kitts and Nevis,Goods,"United Kingdom - Sotex International Ltd USD $231,425.30",United Kingdom,- Sotex International Ltd,USD,231425.3,231425.3,https://www.caribank.org/sites/default/files/publication-resources/230327_SKN_Contract_Award%20%28GOODS%29%20Sotex.pdf,https://www.caribank.org/work-with-us/procurement/contract-awards?solr_publication_contract_awards_years_filter=2023&page=2,CDB
2023,CDB2023-030,St. Kitts and Nevis Technical Vocational Education and Training Enhancement Project,Education,Saint Kitts and Nevis,Consultancy,"Grenada National Training Agency XCD $94,895.72",Grenada,National Training Agency,XCD,94895.72,35146.56,https://www.caribank.org/sites/default/files/publication-resources/230327_SKN_CAI_CONSULTANCY_SERVICES%20-%20Assessor%20Training%20GNTA60.pdf,https://www.caribank.org/work-with-us/procurement/contract-awards?solr_publication_contract_awards_years_filter=2023&page=2,CDB
2023,CDB2023-031,Belize Social Investment Fund (BSIF) III Project,,Belize,Goods,"Belize - The Angelus Press Ltd BZD 29,889.98",Belize,- The Angelus Press Ltd,BZD,29889.98,14944.99,https://www.caribank.org/sites/default/files/publication-resources/230328_BZE_CAI-Goods-Belmopan%20Polyclinic_Angelus%20Press.pdf,https://www.caribank.org/work-with-us/procurement/contract-awards?solr_publication_contract_awards_years_filter=2023&page=3,CDB
2023,CDB2023-032,Belize Social Investment Fund (BSIF) III Project,,Belize,Goods,"Belize - Price and Company Ltd BZD 2,370.00",Belize,- Price and Company Ltd,BZD,2370.0,1185.0,https://www.caribank.org/sites/default/files/publication-resources/230323_BZE_CAI-Goods-Belmopan%20Polyclinic_Price%20%26%20Company.pdf,https://www.caribank.org/work-with-us/procurement/contract-awards?solr_publication_contract_awards_years_filter=2023&page=3,CDB
2023,CDB2023-033,Belize Social Investment Fund (BSIF) III Project,,Belize,Goods,"Belize - Belize Formulators Ltd BZD 1,845.00",Belize,Formulators Ltd,BZD,1845.0,922.5,https://www.caribank.org/sites/default/files/publication-resources/230328_BZE_CAI-Goods-Belmopan%20Polyclinic_Belize%20Formulators.pdf,https://www.caribank.org/work-with-us/procurement/contract-awards?solr_publication_contract_awards_years_filter=2023&page=3,CDB
2023,CDB2023-034,Belize Social Investment Fund (BSIF) III Project,,Belize,Goods,"Belize - Belmopan Medical Laboratory BZD 19,392.50",Belize,- Belmopan Medical Laboratory,BZD,19392.5,9696.25,https://www.caribank.org/sites/default/files/publication-resources/230323_BZE_CAI-Goods-Belmopan%20Polyclinic_Belmopan%20Medical.pdf,https://www.caribank.org/work-with-us/procurement/contract-awards?solr_publication_contract_awards_years_filter=2023&page=3,CDB
2023,CDB2023-035,Belize Social Investment Fund (BSIF) III Project,,Belize,Goods,"Belize - Belmopan Aggregates and Hardware Ltd BZD 1,470.00",Belize,- Belmopan Aggregates and Hardware Ltd,BZD,1470.0,735.0,https://www.caribank.org/sites/default/files/publication-resources/230323_BZE_CAI-Goods-Belmopan%20Polyclinic_Belmopan%20Aggregates.pdf,https://www.caribank.org/work-with-us/procurement/contract-awards?solr_publication_contract_awards_years_filter=2023&page=3,CDB
2023,CDB2023-036,Belize Social Investment Fund (BSIF) III Project,,Belize,Goods,"Belize - Fultec Systems Ltd BZD 21,596.11",Belize,- Fultec Systems Ltd,BZD,21596.11,10798.06,https://www.caribank.org/sites/default/files/publication-resources/230328_BZE_CAI-Goods-Belmopan%20Polyclinic_Fultec.pdf,https://www.caribank.org/work-with-us/procurement/contract-awards?solr_publication_contract_awards_years_filter=2023&page=3,CDB
2023,CDB2023-037,Belize Social Investment Fund (BSIF) III Project,,Belize,Goods,"Belize - GS-COM BZD 9,250.00",Belize,- GS-COM,BZD,9250.0,4625.0,https://www.caribank.org/sites/default/files/publication-resources/230328_BZE_CAI-Goods-Belmopan%20Polyclinic_GS%20COM.pdf,https://www.caribank.org/work-with-us/procurement/contract-awards?solr_publication_contract_awards_years_filter=2023&page=3,CDB
2023,CDB2023-038,Belize Social Investment Fund (BSIF) III Project,,Belize,Goods,"Belize - Huang Mart BZD 1,793.61",Belize,- Huang Mart,BZD,1793.61,896.8,https://www.caribank.org/sites/default/files/publication-resources/230323_BZE_CAI-Goods-Belmopan%20Polyclinic_Huang%20Mart.pdf,https://www.caribank.org/work-with-us/procurement/contract-awards?solr_publication_contract_awards_years_filter=2023&page=3,CDB
2023,CDB2023-039,Belize Social Investment Fund (BSIF) III Project,,Belize,Goods,"Belize - Spiez International Ltd BZD 5,600.00",Belize,- Spiez International Ltd,BZD,5600.0,2800.0,https://www.caribank.org/sites/default/files/publication-resources/230323_BZE_CAI-Goods-Belmopan%20Polyclinic_Spiez%20Intl.pdf,https://www.caribank.org/work-with-us/procurement/contract-awards?solr_publication_contract_awards_years_filter=2023&page=3,CDB
2023,CDB2023-040,Belize Social Investment Fund III (BSIF III),,Belize,Consultancy,"Belize - Young’s Engineering Consultancy Ltd BZD 351,123.76 (Inclusive of taxes)",Belize,- Young’s Engineering Consultancy Ltd (Inclusive of taxes),BZD,351123.76,175561.88,https://www.caribank.org/sites/default/files/publication-resources/230327_BZE_CAI%20-%20Dorothy%20Menzies%20Child%20Care%20Center%20Replacement%20%28Consultancy%29.pdf,https://www.caribank.org/work-with-us/procurement/contract-awards?solr_publication_contract_awards_years_filter=2023&page=3,CDB
2023,CDB2023-041,The Philip Goldson Highway and Remate Bypass Upgrading Project,Transportation,Belize,Consultancy,"Belize - Universal Hardware Company Ltd BZD 196,000.00",Belize,- Universal Hardware Company Ltd,BZD,196000.0,98000.0,https://www.caribank.org/sites/default/files/publication-resources/230327_BZE_CONTRACT%20AWARD%20INFORMATION%20%28ISMAEL%20FABRO%29.pdf,https://www.caribank.org/work-with-us/procurement/contract-awards?solr_publication_contract_awards_years_filter=2023&page=4,CDB
2023,CDB2023-042,Belize Social Investment Fund (BSIF) III,,Belize,Goods,"Belize - Universal Hardware Company Ltd BZD 2,624.99",Belize,- Universal Hardware Company Ltd,BZD,2624.99,1312.49,https://www.caribank.org/sites/default/files/publication-resources/230323_BZE_CAI-Goods-Belmopan%20Polyclinic_Universal%20Hardware.pdf,https://www.caribank.org/work-with-us/procurement/contract-awards?solr_publication_contract_awards_years_filter=2023&page=4,CDB
2023,CDB2023-043,Belize Social Investment Fund Loan III,,Belize,Consultancy,"Belize - Belize Red Cross BZD $30,000.00 (inclusive of all taxes)",Belize,Red Cross (inclusive of all taxes),BZD,30000.0,15000.0,https://www.caribank.org/sites/default/files/publication-resources/230323_BZE_CONTRACT%20AWARD%20INFO_CONSULTANCY_SERVICES-%20Belize%20Red%20Cross-%20KAP.pdf,https://www.caribank.org/work-with-us/procurement/contract-awards?solr_publication_contract_awards_years_filter=2023&page=4,CDB
2023,CDB2023-044,Vieux Fort Water Supply Redevelopment Project,Private Sector Development,Saint Lucia,Goods,"Trinidad &amp; Tobago - Control Technologies Ltd. USD 188,605.00",,Trinidad &amp; Tobago - Control Technologies Ltd.,USD,188605.0,188605.0,https://www.caribank.org/sites/default/files/publication-resources/230314_SLU_VFWSRP_CONTRACT%20AWARD%20INFORMATION_Bulk%20Meters.pdf,https://www.caribank.org/work-with-us/procurement/contract-awards?solr_publication_contract_awards_years_filter=2023&page=4,CDB
2023,CDB2023-045,Belize Social Investment Fund III (BSIF III) Project,,Belize,Goods,"Belize - Matus Medical Supplies BZD 6,559.71",Belize,- Matus Medical Supplies,BZD,6559.71,3279.86,https://www.caribank.org/sites/default/files/publication-resources/230323_BZE_Contract-Award-Information-Goods-%20Maria%20Crawford%202.pdf,https://www.caribank.org/work-with-us/procurement/contract-awards?solr_publication_contract_awards_years_filter=2023&page=4,CDB
2023,CDB2023-046,Belize Social Investment Fund III (BSIF III) Project,,Belize,Goods,Belize - 1st Choice Pharmacy BZD 629.50,Belize,- 1st Choice Pharmacy,BZD,629.5,314.75,https://www.caribank.org/sites/default/files/publication-resources/230323_BZE_Contract-Award-Information--Goods-%20Maria%20Crawford.pdf,https://www.caribank.org/work-with-us/procurement/contract-awards?solr_publication_contract_awards_years_filter=2023&page=4,CDB
2023,CDB2023-047,Natural Disaster Management - Disaster Risk Reduction & Climate Change Adaptation,Climate,Saint Vincent and the Grenadines,Consultancy,"St. Lucia - FDL Consult Inc XCD 454, 800.00 (Tax exclusive)",St. Lucia,- FDL Consult Inc (Tax exclusive),XCD,454800.0,168444.44,https://www.caribank.org/sites/default/files/publication-resources/230314_SVG_CONTRACT%20AWARD%20INFORMATION%28CONSULTANCY_SERVICES%29-%20Perseverance%20Road.pdf,https://www.caribank.org/work-with-us/procurement/contract-awards?solr_publication_contract_awards_years_filter=2023&page=4,CDB
2023,CDB2023-048,Road Infrastructure Rehabilitation Project,Transportation,Antigua and Barbuda,Works,"Antigua - Turbo Construction and Finishing XCD 448,600.00",,Antigua - Turbo Construction and Finishing,XCD,448600.0,166148.15,https://www.caribank.org/sites/default/files/publication-resources/230313_ANT_Contract%20Award%20-%20Construction%20of%20Airport%20Drainage%20Channel.pdf,https://www.caribank.org/work-with-us/procurement/contract-awards?solr_publication_contract_awards_years_filter=2023&page=4,CDB
2023,CDB2023-049,Second Road Safety Project,Private Sector Development,Belize,Consultancy,"USA - Pan American Health Organization (PAHO) BZD 368,334.80.00",,USA - Pan American Health Organization (PAHO) .00,BZD,368334.8,184167.4,https://www.caribank.org/sites/default/files/publication-resources/230313_BZE_Consultancy_Second%20Road%20Safety%20Project.pdf,https://www.caribank.org/work-with-us/procurement/contract-awards?solr_publication_contract_awards_years_filter=2023&page=4,CDB
2023,CDB2023-050,Belize Social Investment Fund III (BSIF III Project),,Belize,Goods,"Belize - GS-COM BZD $29, 555.99",Belize,- GS-COM,BZD,29555.99,14778.0,https://www.caribank.org/sites/default/files/publication-resources/230315_BZE_CAI_Goods-%20FOR%20SUPPY%20AND%20DELIVERY%20ITNEQUIPMENT%20FOR%20MARIA%20CRAWFORD%20HEALTH%20CENTER%20-CROOKED%20TREE%20VILLAGE%20-BELIZE%20DISTRICT.pdf,https://www.caribank.org/work-with-us/procurement/contract-awards?solr_publication_contract_awards_years_filter=2023&page=4,CDB
2023,CDB2023-051,Comprehensive Diagnostic of Gender Sensitive Innovative Disaster Risk Financing Instruments,Private Sector Development,Regional,Consultancy,"United Kingdom - Willis Towers Watson/Willis Limited USD 178,750.00",United Kingdom,- Willis Towers Watson/Willis Limited,USD,178750.0,178750.0,https://www.caribank.org/sites/default/files/publication-resources/230310~1.PDF,https://www.caribank.org/work-with-us/procurement/contract-awards?solr_publication_contract_awards_years_filter=2023&page=5,CDB
2023,CDB2023-052,Southern Plains Agricultural Development Project,Food Security,Jamaica,Works,"Jamaica - M and M Jamaica Ltd. US 12,836,276.69",Jamaica,- M and M Jamaica Ltd. US,US,12836276.69,12836276.69,https://www.caribank.org/sites/default/files/publication-resources/230310_JAM_CAI_Works_M%20and%20M.pdf,https://www.caribank.org/work-with-us/procurement/contract-awards?solr_publication_contract_awards_years_filter=2023&page=5,CDB
2023,CDB2023-053,Southern Plains Agricultural Development Project,Food Security,Jamaica,Works,"Jamaica - Build Rite Construction Ltd. US $7,669,935.72",Jamaica,- Build Rite Construction Ltd. US,$,7669935.72,7669935.72,https://www.caribank.org/sites/default/files/publication-resources/230310_JAM_CAI_works_Build%20Rite.pdf,https://www.caribank.org/work-with-us/procurement/contract-awards?solr_publication_contract_awards_years_filter=2023&page=5,CDB
2023,CDB2023-054,Upgrade of the Caribbean Development Bank’s Procurement E-Learning Modules,Private Sector Development,Regional,Consultancy,"Australia - DynaMind E-Learning Limited USD 57,330.00",Australia,- DynaMind E-Learning Limited,USD,57330.0,57330.0,https://www.caribank.org/sites/default/files/publication-resources/230310_REG_CAI_Consultancy%20Dynamind%203.pdf,https://www.caribank.org/work-with-us/procurement/contract-awards?solr_publication_contract_awards_years_filter=2023&page=5,CDB
2023,CDB2023-055,Upgrade of the Caribbean Development Bank’s Procurement E-Learning Modules,Private Sector Development,Regional,Consultancy,"Australia - DynaMind E-Learning Limited USD 58,890.00",Australia,- DynaMind E-Learning Limited,USD,58890.0,58890.0,https://www.caribank.org/sites/default/files/publication-resources/230310_REG_CAI_Consultancy%20Dynamind%202.pdf,https://www.caribank.org/work-with-us/procurement/contract-awards?solr_publication_contract_awards_years_filter=2023&page=5,CDB
2023,CDB2023-056,Upgrade of the Caribbean Development Bank’s Procurement E-Learning Modules,Private Sector Development,Regional,Consultancy,"Australia - DynaMind E-Learning Limited USD 55,770.00",Australia,- DynaMind E-Learning Limited,USD,55770.0,55770.0,https://www.caribank.org/sites/default/files/publication-resources/230310_REG_CAI_Consultancy%20Dynamind%201.pdf,https://www.caribank.org/work-with-us/procurement/contract-awards?solr_publication_contract_awards_years_filter=2023&page=5,CDB
2023,CDB2023-057,OECS Procurement Reform Project,Private Sector Development,Regional,Consultancy,"France - Organisation for Economic Co-operation and Development USD 10,000.00",France,- Organisation for Economic Co-operation and Development,USD,10000.0,10000.0,https://www.caribank.org/sites/default/files/publication-resources/230310_REG_CAI_Consultancy%20Services%20OECD.pdf,https://www.caribank.org/work-with-us/procurement/contract-awards?solr_publication_contract_awards_years_filter=2023&page=5,CDB
2023,CDB2023-058,Basic Needs Trust Fund (BNTF) Cycle 10,,Belize,Consultancy,"Belize - Young’s Engineering Consultancy Ltd. BZD $154,849.50 (inclusive of all taxes)",Belize,- Young’s Engineering Consultancy Ltd. (inclusive of all taxes),BZD,154849.5,77424.75,https://www.caribank.org/sites/default/files/publication-resources/230315_CAI_CONSULTANCY_SERVICES-%20YEC%20Santa%20Cruz%20BNTF10.pdf,https://www.caribank.org/work-with-us/procurement/contract-awards?solr_publication_contract_awards_years_filter=2023&page=5,CDB
2023,CDB2023-059,Basic Needs Trust Fund Cycle 10,,Belize,Consultancy,"Belize - Anthony Thurton and Associates Ltd. BZD $189,787.50 (inclusive of all taxes)",Belize,- Anthony Thurton and Associates Ltd. (inclusive of all taxes),BZD,189787.5,94893.75,https://www.caribank.org/sites/default/files/publication-resources/230315_BZE_CAI_CONSULTANCY_SERVICES-%20ATA%20Mabil%20Ha%20%20BNTF10%20%28002%29.pdf,https://www.caribank.org/work-with-us/procurement/contract-awards?solr_publication_contract_awards_years_filter=2023&page=5,CDB
2023,CDB2023-060,Basic Needs Trust Fund (BNTF) Cycle 10,,Belize,Consultancy,"Belize - Anthony Thurton and Associates Ltd. BZD $165,093.75 (inclusive of all taxes)",Belize,- Anthony Thurton and Associates Ltd. (inclusive of all taxes),BZD,165093.75,82546.88,https://www.caribank.org/sites/default/files/publication-resources/230315_BZE_CAI_CONSULTANCY_SERVICES-%20ATA%20Mafredi%20BNTF10.pdf,https://www.caribank.org/work-with-us/procurement/contract-awards?solr_publication_contract_awards_years_filter=2023&page=5,CDB
2023,CDB2023-061,Basic Needs Trust Fund 10 Project,,Saint Vincent and the Grenadines,Works,"St. Vincent &amp; the Grenadines - Minute Made Heavy Equipment, Blocks, Trucking and Construction Ltd. XCD 422,565.66",,"St. Vincent &amp; the Grenadines - Minute Made Heavy Equipment, Blocks, Trucking and Construction Ltd.",XCD,422565.66,156505.8,https://www.caribank.org/sites/default/files/publication-resources/230313_SVG_Dickie%20Footpath%20-%20Contract%20Award%20Information%20%28Works%29.pdf,https://www.caribank.org/work-with-us/procurement/contract-awards?solr_publication_contract_awards_years_filter=2023&page=6,CDB
2023,CDB2023-062,Basic Needs Trust Fund 10 Project,,Saint Vincent and the Grenadines,Works,"St. Vincent &amp; the Grenadines - Minute Made Heavy Equipment, Blocks, Trucking and Construction Ltd. XCD 460,605.31",,"St. Vincent &amp; the Grenadines - Minute Made Heavy Equipment, Blocks, Trucking and Construction Ltd.",XCD,460605.31,170594.56,https://www.caribank.org/sites/default/files/publication-resources/230313_SVG_Pierre%20Hughes%20Footpath%20-%20Contract%20Award%20Information%20%28Works%29.pdf,https://www.caribank.org/work-with-us/procurement/contract-awards?solr_publication_contract_awards_years_filter=2023&page=6,CDB
2023,CDB2023-063,Basic Needs Trust Fund 10 Project,,Saint Vincent and the Grenadines,Works,"St. Vincent &amp; the Grenadines - Minute Made Heavy Equipment, Blocks, Trucking and Construction Ltd. XCD 471,977.33",,"St. Vincent &amp; the Grenadines - Minute Made Heavy Equipment, Blocks, Trucking and Construction Ltd.",XCD,471977.33,174806.42,https://www.caribank.org/sites/default/files/publication-resources/230313_SVG_Dondo%20Hole%20Footpath%20-%20Contract%20Award%20Information%20%28Works%29.pdf,https://www.caribank.org/work-with-us/procurement/contract-awards?solr_publication_contract_awards_years_filter=2023&page=6,CDB
2023,CDB2023-064,Basic Needs Trust Fund 10th Programme,,Belize,Consultancy,"Belize - Anthony Thurton and Associates Ltd. BZD $182,219.06 (inclusive of taxes)",Belize,- Anthony Thurton and Associates Ltd. (inclusive of taxes),BZD,182219.06,91109.53,https://www.caribank.org/sites/default/files/publication-resources/230313_BZE_CAI_CONSULTANCY_SERVICES-%20ATA%20Gales%20Point%20-%20BNTF10.pdf,https://www.caribank.org/work-with-us/procurement/contract-awards?solr_publication_contract_awards_years_filter=2023&page=6,CDB
2023,CDB2023-065,Belize Social Investment Fund III,,Belize,Consultancy,"Belize - CHENTEC BZD $87,004.68 (inclusive of taxes)",Belize,- CHENTEC (inclusive of taxes),BZD,87004.68,43502.34,https://www.caribank.org/sites/default/files/publication-resources/230313_Belize%20Social%20Investment%20Fund%20III_CAI_CONSULTANCY_SERVICES-%20CHENTEC%20.pdf,https://www.caribank.org/work-with-us/procurement/contract-awards?solr_publication_contract_awards_years_filter=2023&page=6,CDB
2023,CDB2023-066,Millennium Highway and West Coast Road Reconstruction Project,Transportation,Saint Lucia,Goods,"Trinidad and Tobago - LF Systems Ltd US$331,900.00, exclusive of local indirect taxes",Trinidad and Tobago,"- LF Systems Ltd , exclusive of local indirect taxes",US$,331900.0,331900.0,https://www.caribank.org/sites/default/files/publication-resources/230303_SLU%20MHWCRP%20Road%20Sector%20Strategy%20Contract%20Award%20Notice%20Rev1.pdf,https://www.caribank.org/work-with-us/procurement/contract-awards?solr_publication_contract_awards_years_filter=2023&page=6,CDB
2023,CDB2023-067,Seventh Power Project – Caye Caulker Submarine Cable,Climate,Belize,Goods,"China - Hengtong Optic-Electric Co. Ltd. USD $3,245,197.00",China,- Hengtong Optic-Electric Co. Ltd.,USD,3245197.0,3245197.0,https://www.caribank.org/sites/default/files/publication-resources/230301_BZE_Contract%20Award%20Notice%20-%20Hengtong%20Optic-Electric%20Co%2C%20Ltd.pdf,https://www.caribank.org/work-with-us/procurement/contract-awards?solr_publication_contract_awards_years_filter=2023&page=6,CDB
2023,CDB2023-068,Second Road safety Project,Transportation,Belize,Goods,"Belize - Tenchronics Communication and Pedro R. Lizarraga and Sons Ltd. (Joint Venture) BZD $830,960.00",Belize,- Tenchronics Communication and Pedro R. Lizarraga and Sons Ltd. (Joint Venture),BZD,830960.0,415480.0,https://www.caribank.org/sites/default/files/publication-resources/230228_BZE_CONTRACT_AWARD_INFORMATION%20%28GOODS%29%20-%20Supply%20of%20School%20Road%20Safety%20Toolkits.pdf,https://www.caribank.org/work-with-us/procurement/contract-awards?solr_publication_contract_awards_years_filter=2023&page=6,CDB
2023,CDB2023-069,Building Resilience for Adaptation to Climate Change and Climate Variability in Agriculture in Saint Lucia (BRACCVAS),Food Security,Saint Lucia,Consultancy,"Trinidad and Tobago - Environmental Governance Consulting USD 179,816.00",Trinidad and Tobago,- Environmental Governance Consulting,USD,179816.0,179816.0,https://www.caribank.org/sites/default/files/publication-resources/230209_Contract-Award-Information-Template_Consultancy-Services%20%20-ECG%20%28003%29_10%20Feb%20Final.pdf,https://www.caribank.org/work-with-us/procurement/contract-awards?solr_publication_contract_awards_years_filter=2023&page=6,CDB
2023,CDB2023-070,Education Quality Improvement Project - Saint Lucia,Education,Saint Lucia,Consultancy,"Jamaica - Joint Board of Teacher Education USD 99,418.00",Jamaica,- Joint Board of Teacher Education,USD,99418.0,99418.0,https://www.caribank.org/sites/default/files/publication-resources/CONTRACT-AWARD-INFORMATIONCONSULTANCY_SERVICES_DEVELOPMENT%20OF%20A%20SEN%20POLICY_JBTE.pdf,https://www.caribank.org/work-with-us/procurement/contract-awards?solr_publication_contract_awards_years_filter=2023&page=6,CDB
2023,CDB2023-071,Education Quality Improvement Project,Education,Saint Lucia,Goods,"St. Lucia - JE Bergasse &amp; Company Ltd. XCD 72,287.18",St. Lucia,- JE Bergasse &amp; Company Ltd.,XCD,72287.18,26773.03,https://www.caribank.org/sites/default/files/publication-resources/SLU_Contract%20Award%20Information-Goods_JE%20Bergasse%20%26%20Company%20Ltd.%20%281%29.pdf,https://www.caribank.org/work-with-us/procurement/contract-awards?solr_publication_contract_awards_years_filter=2023&page=7,CDB
2023,CDB2023-072,Saint Lucia Education Quality Improvement Project (EQuIP),Education,Saint Lucia,Goods,"St. Lucia - B&amp;B Money Saver Inc. XCD 56,743.84",St. Lucia,- B&amp;B Money Saver Inc.,XCD,56743.84,21016.24,https://www.caribank.org/sites/default/files/publication-resources/SLU_Contract%20Award%20Information-Goods_B%26B%20Money%20Saver%20Inc.pdf,https://www.caribank.org/work-with-us/procurement/contract-awards?solr_publication_contract_awards_years_filter=2023&page=7,CDB
2023,CDB2023-073,Saint Lucia Education Quality Improvement Project (EQuIP),Education,Saint Lucia,Goods,"St. Lucia - Computer &amp; Business Services Ltd. XCD 50,907.73",St. Lucia,- Computer &amp; Business Services Ltd.,XCD,50907.73,18854.71,https://www.caribank.org/sites/default/files/publication-resources/CONTRACT_AWARD_INFORMATION%20GOODS_SEU_PCU.pdf,https://www.caribank.org/work-with-us/procurement/contract-awards?solr_publication_contract_awards_years_filter=2023&page=7,CDB
2023,CDB2023-074,Saint Lucia Education Quality Improvement Project (EQuIP),Education,Saint Lucia,Goods,"St. Lucia - Neville’s Brokerage Services Co. XCD 28,390.00",St. Lucia,- Neville’s Brokerage Services Co.,XCD,28390.0,10514.81,https://www.caribank.org/sites/default/files/publication-resources/CONTRACT_AWARD_INFORMATION%20%28GOODS%29_Software%20PCU.pdf,https://www.caribank.org/work-with-us/procurement/contract-awards?solr_publication_contract_awards_years_filter=2023&page=7,CDB
2023,CDB2023-075,Education Quality Improvement Project,Education,Saint Lucia,Goods,"St. Lucia - JE Bergasse &amp; Company Ltd XCD 82,269.21",St. Lucia,- JE Bergasse &amp; Company Ltd,XCD,82269.21,30470.08,https://www.caribank.org/sites/default/files/publication-resources/SLU_Contract%20Award%20Information-Goods_JE%20Bergasse%20%26%20Company%20Ltd.%20%282%29.pdf,https://www.caribank.org/work-with-us/procurement/contract-awards?solr_publication_contract_awards_years_filter=2023&page=7,CDB
2023,CDB2023-076,Public Procurement Reform of the Eastern Caribbean States,Private Sector Development,Regional,Consultancy,United Kingdom - Charles Kendall and Partners Ltd. Not applicable as framework contract,United Kingdom,- Charles Kendall and Partners Ltd. Not applicable as framework contract,,,,https://www.caribank.org/sites/default/files/publication-resources/191129%20Contract%20award%20to%20CKP.pdf,https://www.caribank.org/work-with-us/procurement/contract-awards?solr_publication_contract_awards_years_filter=2023&page=7,CDB
2023,CDB2023-077,Layou Park Valley Road and River Training Phase 1 ICB No. 19/SFR-OR-DMI-3P1,Climate,Dominica,Works,"Dominica - Emile Gaddarkhan Et Fils Ltd XCD 11,561,389.30",Dominica,- Emile Gaddarkhan Et Fils Ltd,XCD,11561389.3,4281996.04,https://www.caribank.org/sites/default/files/publication-resources/Layou%20EAST%20-%20CONTRACT_AWARD_INFORMATION%20%28WORKS%29.pdf,https://www.caribank.org/work-with-us/procurement/contract-awards?solr_publication_contract_awards_years_filter=2023&page=7,CDB
2023,CDB2023-078,Sixth Power Project - Belize,Climate,Belize,Goods,"USA - Pacific Air Switch Corporation (PASCOR) USD 140,983.00",,USA - Pacific Air Switch Corporation (PASCOR),USD,140983.0,140983.0,https://www.caribank.org/sites/default/files/publication-resources/BEL%20Sixth%20Power%20Project%20Contract%20Award%20Notice%20-%20PASCOR.pdf,https://www.caribank.org/work-with-us/procurement/contract-awards?solr_publication_contract_awards_years_filter=2023&page=7,CDB
2023,CDB2023-079,Sixth Power Project - Belize,Climate,Belize,Goods,"USA - APS Power Solutions LLC USD 593,646.80",,USA - APS Power Solutions LLC,USD,593646.8,593646.8,https://www.caribank.org/sites/default/files/publication-resources/BEL%20Sixth%20Power%20Project%20Contract%20Award%20Notice%20-%20APS%20Power%20Solutions%20LLC.pdf,https://www.caribank.org/work-with-us/procurement/contract-awards?solr_publication_contract_awards_years_filter=2023&page=7,CDB
2023,CDB2023-080,Millennium Highway and West Coast Road Reconstruction,Climate,Saint Lucia,Works,"Trinidad and Tobago - Nomalco Construction Services Limited EC$34,228,909.80",Trinidad and Tobago,- Nomalco Construction Services Limited,EC$,34228909.8,12677374.0,https://www.caribank.org/sites/default/files/publication-resources/SLU%20-%20MHWCRP%20-%2073599%20-%20CONTRACT%20AWARD%20INFORMATION%20%28WORKS%29%20Lot%202A.pdf,https://www.caribank.org/work-with-us/procurement/contract-awards?solr_publication_contract_awards_years_filter=2023&page=7,CDB
2023,CDB2023-081,Millennium Highway and West Coast Road Reconstruction,Climate,Saint Lucia,Works,"Trinidad and Tobago - Nomalco Construction Services Limited EC$25,061,728.80",Trinidad and Tobago,- Nomalco Construction Services Limited,EC$,25061728.8,9282121.78,https://www.caribank.org/sites/default/files/publication-resources/SLU%20-%20MHWCRP%20-%2073599%20-%20CONTRACT%20AWARD%20INFORMATION%20%28WORKS%29%20Lot%203B.pdf,https://www.caribank.org/work-with-us/procurement/contract-awards?solr_publication_contract_awards_years_filter=2023&page=8,CDB
2023,CDB2023-082,Millennium Highway and West Coast Road Reconstruction,Climate,Saint Lucia,Works,"Trinidad and Tobago - Nomalco Construction Services Limited EC$28,180,493.62",Trinidad and Tobago,- Nomalco Construction Services Limited,EC$,28180493.62,10437219.86,https://www.caribank.org/sites/default/files/publication-resources/SLU%20-%20MHWCRP%20-%2073599%20-%20CONTRACT%20AWARD%20INFORMATION%20%28WORKS%29%20Lot%203A.pdf,https://www.caribank.org/work-with-us/procurement/contract-awards?solr_publication_contract_awards_years_filter=2023&page=8,CDB
2023,CDB2023-083,Millennium Highway and West Coast Road Reconstruction,Climate,Saint Lucia,Works,"St. Lucia - OB Sadoo Engineering Services Limited EC$8,913,974.59",St. Lucia,- OB Sadoo Engineering Services Limited,EC$,8913974.59,3301472.07,https://www.caribank.org/sites/default/files/publication-resources/SLU%20-%20MHWCRP%20-%2073599%20-%20CONTRACT%20AWARD%20INFORMATION%20%28WORKS%29%20Lot%202B.pdf,https://www.caribank.org/work-with-us/procurement/contract-awards?solr_publication_contract_awards_years_filter=2023&page=8,CDB
2024,CDB2024-001,"Ministry of Health COVID-19 Health Response Project: Supply, Delivery and Installation of Endoscopy/Colonoscopy Tower and Washer/Disinfector",,Antigua and Barbuda,Goods,"A. A. Laquis (Trinidad) Limited- Trinidad and Tobago USD186,720.30",,A. A. Laquis (Trinidad) Limited- Trinidad and Tobago,USD,186720.3,186720.3,https://www.caribank.org/sites/default/files/publication-resources/Award%20information%20Endoscopy-Colonoscopy.pdf,https://www.caribank.org/work-with-us/procurement/contract-awards?solr_publication_contract_awards_years_filter=2024,CDB
2024,CDB2024-002,"Marketing and Branding of Micro, Small, and Medium-sized Enterprises in CARICOM",Private Sector Development,Suriname,Consultancy,"Steppingstone LTD, MINVES N.V. and Space Marketing and Solutions N.V. (Joint Venture) EUR260,000.00",,"Steppingstone LTD, MINVES N.V. and Space Marketing and Solutions N.V. (Joint Venture)",EUR,260000.0,281369.02,https://www.caribank.org/sites/default/files/publication-resources/CONTRACT%20AWARD%20INFORMATION%28CONSULTANCY_SERVICES%29%20-%20GA%2011%20SUR.pdf,https://www.caribank.org/work-with-us/procurement/contract-awards?solr_publication_contract_awards_years_filter=2024,CDB
2024,CDB2024-003,"Mabil Ha Village Water Supply System Construction, Mabil Ha Village, Toledo District, Belize: BNTF 10",Water Resource Management,Belize,Works,"F.T. Williams and Associates - Belize BZD1,290,544.00",,F.T. Williams and Associates - Belize,BZD,1290544.0,645272.0,https://www.caribank.org/sites/default/files/publication-resources/CONTRACT_AWARD_INFORMATION%20%28WORKS%29%20-%20Mabil%20Ha%20BNTF%2010%20-%20FT.pdf,https://www.caribank.org/work-with-us/procurement/contract-awards?solr_publication_contract_awards_years_filter=2024,CDB
2024,CDB2024-004,"Preparation of a GCF Funding Proposal and Annexes for the ""Blue Co Caribbean Umbrella Coordination Programme""",Climate,Regional,Consultancy,"RTI International (with Ocean Risk and Resilience Action Alliance Inc. as sub-consultants)- United States of America USD994,354.00",,RTI International (with Ocean Risk and Resilience Action Alliance Inc. as sub-consultants)- United States of America,USD,994354.0,994354.0,https://www.caribank.org/sites/default/files/publication-resources/240603_Contract%20award%20notification_Blue%20Co%20Caribbean_rev.pdf,https://www.caribank.org/work-with-us/procurement/contract-awards?solr_publication_contract_awards_years_filter=2024,CDB
2024,CDB2024-005,Extension and Rehabilitation of Fitz Hughes Primary School: Sub-Project Component,Infrastructure,Saint Vincent and the Grenadines,Works,"Jack&#039;s Construction Services- Saint Vincent and the Grenadines XCD1,396,898.80",,Jack&#039;s Construction Services- Saint Vincent and the Grenadines,XCD,1396898.8,517369.93,https://www.caribank.org/sites/default/files/publication-resources/Extension%20and%20Rehab%20of%20Fitz%20Hughes%20Primary%20-%20Contract%20Award%20Information%20%28Works%29.pdf,https://www.caribank.org/work-with-us/procurement/contract-awards?solr_publication_contract_awards_years_filter=2024,CDB
2024,CDB2024-006,Construction of Chateaubelair Early Childhood Development Center: Sub-Project Component,Infrastructure,Saint Vincent and the Grenadines,Works,"Jack&#039;s Construction Services- Saint Vincent and the Grenadines XCD1,424,989.17",,Jack&#039;s Construction Services- Saint Vincent and the Grenadines,XCD,1424989.17,527773.77,https://www.caribank.org/sites/default/files/publication-resources/Construction%20of%20Chateaubelair%20ECDC%20-%20Contract%20Award%20Information%20%28Works%29.pdf,https://www.caribank.org/work-with-us/procurement/contract-awards?solr_publication_contract_awards_years_filter=2024,CDB
2024,CDB2024-007,"Consultancy services on market access of the European Union, training and technical assistance to ten (10) companies for the implementation of food safety management systems",Food Security,,Consultancy,"DT-Global- Spain EUR99,300.00",,DT-Global- Spain,EUR,99300.0,107461.32,https://www.caribank.org/sites/default/files/publication-resources/Contract%20Award%20Information%20%28Consultancy%20Services%20No.2%29.pdf,https://www.caribank.org/work-with-us/procurement/contract-awards?solr_publication_contract_awards_years_filter=2024,CDB
2024,CDB2024-008,"Gales Point Government Preschool Construction and Primary School Rehabilitation, Gales Point Village, Belize District, Belize, Lot 1 and Lot 2",Infrastructure,Belize,Works,"CM Construction Supplies- Belize Lot 1: BZ493,031.45 Lot 2: BZ447,552.00",,"CM Construction Supplies- Belize Lot 1: BZ493,031.45 Lot 2: BZ",BZ,447552.0,223776.0,https://www.caribank.org/sites/default/files/publication-resources/CONTRACT_AWARD_INFORMATION%20%28WORKS%29%20-%20GALES%20POINT%20BNTF10.pdf,https://www.caribank.org/work-with-us/procurement/contract-awards?solr_publication_contract_awards_years_filter=2024,CDB
2024,CDB2024-009,"Training to producers, exporters and agricultural officers on market access requirements and the process for commercializing products under the CARIFORUM-European Union Economic Partnership Agreement",Food Security,Regional,Consultancy,"RINA Consulting, S.P.A.- Italy EUR35,246.50",,"RINA Consulting, S.P.A.- Italy",EUR,35246.5,38143.36,https://www.caribank.org/sites/default/files/publication-resources/Contract%20Award%20Information%20%28Consultancy%20Services%20No.3%29.pdf,https://www.caribank.org/work-with-us/procurement/contract-awards?solr_publication_contract_awards_years_filter=2024,CDB
2024,CDB2024-010,Provision of European (EU) market access (fresh produce) training and technical assistance in quality assurance for EU market to four greenhouse farming associations and the establishment of a food traceability system for peppers and mangoes,Food Security,Regional,Consultancy,"Prysma (AENOR CONOCIMIENTO, S.L.U)- Spain EUR57,510.00",,"Prysma (AENOR CONOCIMIENTO, S.L.U)- Spain",EUR,57510.0,62236.66,https://www.caribank.org/sites/default/files/publication-resources/Contract%20Award%20Information%20%28Consultancy%20Services%20No.1%29.pdf,https://www.caribank.org/work-with-us/procurement/contract-awards?solr_publication_contract_awards_years_filter=2024,CDB
2024,CDB2024-011,Purchase of Mass Metrology Equipment and related Services- Lot 1,Trade,The Bahamas,Goods,"Consortium of Bioethic Shelter and Emergency Srl and Bioethic Alliance Srl- Italy USD207,311.46",,Consortium of Bioethic Shelter and Emergency Srl and Bioethic Alliance Srl- Italy,USD,207311.46,207311.46,https://www.caribank.org/sites/default/files/publication-resources/CONTRACT%20AWARD%20INFORMATION-Purchase%20of%20Mass%20Metrology%20Equipment%20and%20related%20services.pdf,https://www.caribank.org/work-with-us/procurement/contract-awards?solr_publication_contract_awards_years_filter=2024&page=1,CDB
2024,CDB2024-012,Consultancy Services for Capacity Building and Institutional Strengthening of the Saint Lucia Water and Sewerage Company,Water Resource Management,Saint Lucia,Consultancy,"HR Wallingford Ltd. USD463,974.00",,HR Wallingford Ltd.,USD,463974.0,463974.0,https://www.caribank.org/sites/default/files/publication-resources/CONTRACT%20AWARD_final.pdf,https://www.caribank.org/work-with-us/procurement/contract-awards?solr_publication_contract_awards_years_filter=2024&page=1,CDB
2024,CDB2024-013,Enhancing the Belize National Quality Infrastructure - Supply of equipment to strengthen the BBSQ metrological capabilities and measurement system,Trade,Belize,Goods,"Belize Formulators Ltd. EURO 57,484.44",Belize,Formulators Ltd.,EURO,57484.44,62209.0,https://www.caribank.org/sites/default/files/publication-resources/Contract%20Award%20Notice_0.pdf,https://www.caribank.org/work-with-us/procurement/contract-awards?solr_publication_contract_awards_years_filter=2024&page=1,CDB
2024,CDB2024-014,Purchase of Equipment and Related Services - Strengthening the National Quality Infrastructure: Training and Equipment for Conformity Assessment Project,Trade,Saint Kitts and Nevis,Goods,"Analogic Solutions USD120,140.59",,Analogic Solutions,USD,120140.59,120140.59,https://www.caribank.org/sites/default/files/publication-resources/MARCH%205%20%20CONTRACT%20AWARD%20INFORMATION%20%28NCS%29.docx,https://www.caribank.org/work-with-us/procurement/contract-awards?solr_publication_contract_awards_years_filter=2024&page=1,CDB
2024,CDB2024-015,Consultancy Services For Communication Strategy And Action/Campaign Plan For Saint Lucia Water And Sewage Company,Water Resource Management,Saint Lucia,Consultancy,"Terriah Limited - Saint Lucia USD133,850",,Terriah Limited - Saint Lucia,USD,133850.0,133850.0,https://www.caribank.org/sites/default/files/publication-resources/Contract%20Award%20Consultancy%20Services%20For%20Communication%20Strategy%20And%20Action%20Campaign%20Plan%20For%20Saint%20Lucia%20Water%20And%20Sewage%20Company.pdf,https://www.caribank.org/work-with-us/procurement/contract-awards?solr_publication_contract_awards_years_filter=2024&page=1,CDB
2024,CDB2024-016,Supply of equipment to strengthen the Belize Bureau of Standard Metrological Capabilities and Measurement Systems,Trade,Belize,Consultancy,"Belize Formulators Ltd. - Belize BZD 127,466.00 (EURO 57,484.44)",Belize,"Formulators Ltd. - Belize (EURO 57,484.44)",BZD,127466.0,63733.0,https://www.caribank.org/sites/default/files/publication-resources/Contract%20Award%20Notice.pdf,https://www.caribank.org/work-with-us/procurement/contract-awards?solr_publication_contract_awards_years_filter=2024&page=1,CDB
2024,CDB2024-017,Supporting the Caribbean Development Bank to Establish and Capitalize a Climate Change Project Preparation Fund,Climate,CDB,Consultancy,"CPCS Transcom Limited - Canada USD148,453",,CPCS Transcom Limited - Canada,USD,148453.0,148453.0,https://www.caribank.org/sites/default/files/publication-resources/Contract%20award%20notification_CC%20Project%20Prep%20Fund_0.docx,https://www.caribank.org/work-with-us/procurement/contract-awards?solr_publication_contract_awards_years_filter=2024&page=1,CDB
2024,CDB2024-018,"Supply and Delivery of Computers and Accessories for the Calcutta Government Primary School, Calcutta Village, Corozal District, Belize",Education,Belize,Goods,"The Angelus Press Ltd -Belize BZD 28,756.65",,The Angelus Press Ltd -Belize,BZD,28756.65,14378.33,https://www.caribank.org/sites/default/files/publication-resources/Contract%20Award%20Information-%20Supply%20and%20Delivery%20of%20Computers%20and%20Accessories%20for%20Calcutta.pdf,https://www.caribank.org/work-with-us/procurement/contract-awards?solr_publication_contract_awards_years_filter=2024&page=1,CDB
2025,CDB2025-001,Building Capacity & Resilience in the Health Sector Coronavirus-2019 Project - Procurement of Six Ambulances,,Saint Lucia,Goods,"Bulgaria - Avto Engineering Holding Group USD 713,650.00",Bulgaria,- Avto Engineering Holding Group,USD,713650.0,713650.0,https://www.caribank.org/sites/default/files/publication-resources/CONTRACT_AWARD_INFORMATION%20%28GOODS%29%20-%20Ambulances.pdf,https://www.caribank.org/work-with-us/procurement/contract-awards?solr_publication_contract_awards_years_filter=2025,CDB
2025,CDB2025-002,Building Capacity & Resilience in the Health Sector Coronavirus-2019 Project - Procurement of Mobile Dental Units,,Saint Lucia,Goods,"United Kingdom - NSG Exports Limited EUR 421,400.00",United Kingdom,- NSG Exports Limited,EUR,421400.0,475083.99,https://www.caribank.org/sites/default/files/publication-resources/CONTRACT_AWARD_INFORMATION%20%28GOODS%29%20-%20Mobile%20Dental%20Units.pdf,https://www.caribank.org/work-with-us/procurement/contract-awards?solr_publication_contract_awards_years_filter=2025,CDB
2025,CDB2025-003,"Infrastructure Works for the Stann Creek ITVET, Hope Creek Village, Stann Creek District, Belize, BNTF 10",Climate,Belize,Works,"Belize - FAST Construction &amp; Road Development BZE $1,379,907.96",Belize,- FAST Construction &amp; Road Development,BZE,1379907.96,689953.98,https://www.caribank.org/sites/default/files/publication-resources/CONTRACT_AWARD_INFORMATION%20%28WORKS%29_%20Stann%20Creek%20ITVET.docx,https://www.caribank.org/work-with-us/procurement/contract-awards?solr_publication_contract_awards_years_filter=2025,CDB
2025,CDB2025-004,Strengthening Surveillance Programmes for Bovine Tuberculosis and Bovine Brucellosis in Guyana,,Guyana,Consultancy,"Netherlands - Veteffect Veterinary and Public Health Euros 161,000",Netherlands,- Veteffect Veterinary and Public Health,Euros,161000.0,181510.49,https://www.caribank.org/sites/default/files/publication-resources/CONTRACT%20AWARD%20INFORMATION%28CONSULTANCY_SERVICES%29.pdf,https://www.caribank.org/work-with-us/procurement/contract-awards?solr_publication_contract_awards_years_filter=2025,CDB
2025,CDB2025-005,Strengthening Institutional Capacity for A Resilient Caribbean Coastal and Marine Environment (RCCAME) Project,Climate,Trinidad and Tobago,Consultancy,"Blue Sky Development Consulting - Trinidad and Tobago USD28,000.00",,Blue Sky Development Consulting - Trinidad and Tobago,USD,28000.0,28000.0,https://www.caribank.org/sites/default/files/publication-resources/BLUE%20SKY%20CONTRACT%20AWARD%20INFORMATION.docx,https://www.caribank.org/work-with-us/procurement/contract-awards?solr_publication_contract_awards_years_filter=2025,CDB
2025,CDB2025-006,Establishment Of A Framework For Managing Private Sector Lending And Investment,Financial Services,Regional,Consultancy,"Canada - Momentus Global Development Ltd. USD60,300.00",Canada,- Momentus Global Development Ltd.,USD,60300.0,60300.0,https://www.caribank.org/sites/default/files/publication-resources/Contract%20Award.docx,https://www.caribank.org/work-with-us/procurement/contract-awards?solr_publication_contract_awards_years_filter=2025,CDB
2025,CDB2025-007,Supporting a Climate Smart and Sustainable Tourism Industry: Consultancy for the Update of the Multi-Hazard Contingency Planning Manual for the Caribbean Tourism Sector,Climate,Regional,Consultancy,"University of Technology- Jamaica USD 40,300.00",,University of Technology- Jamaica,USD,40300.0,40300.0,https://www.caribank.org/sites/default/files/publication-resources/Contract%20Award%20GA177%20REG%20-%20UTECH.pdf,https://www.caribank.org/work-with-us/procurement/contract-awards?solr_publication_contract_awards_years_filter=2025,CDB
2025,CDB2025-008,"Preparation of a Climate Resilient Water Supply and Wastewater Master Plan, Saint Lucia",Climate,Saint Lucia,Consultancy,"HR Wallingford- United Kingdom USD 419,929.00",,HR Wallingford- United Kingdom,USD,419929.0,419929.0,https://www.caribank.org/sites/default/files/publication-resources/Contract%20Award%20GA63%20SLU%20-%20HR%20Wallingford.pdf,https://www.caribank.org/work-with-us/procurement/contract-awards?solr_publication_contract_awards_years_filter=2025,CDB
2025,CDB2025-009,Consultancy for Improving Institutional Capacities to Assess Climate Risks and Plan for Climate Resilience with the Water Sector in Saint Lucia,Climate,Saint Lucia,Consultancy,"HR Wallingford- United Kingdom USD 164,219.00",,HR Wallingford- United Kingdom,USD,164219.0,164219.0,https://www.caribank.org/sites/default/files/publication-resources/Contract%20Award_GA63%20SLU%20-%20HR%20Wallingford.pdf,https://www.caribank.org/work-with-us/procurement/contract-awards?solr_publication_contract_awards_years_filter=2025,CDB
2025,CDB2025-010,Building Resilience of the Electricity Sector Infrastructure to Geophysical and Climate Related Hazards,Climate,Saint Vincent and the Grenadines,Consultancy,"CBCL Limited - Canada USD 666,398",,CBCL Limited - Canada,USD,666398.0,666398.0,https://www.caribank.org/sites/default/files/publication-resources/Contract%20Award%20GA42%20STV%20-%20CBCL.pdf,https://www.caribank.org/work-with-us/procurement/contract-awards?solr_publication_contract_awards_years_filter=2025,CDB
2025,CDB2025-011,National Utilities Regulatory Commission Capacity Building for Tariff Review,Water Resource Management,Saint Lucia,Consultancy,"Econtec Consultores S.A.S. - Colombia USD $199, 240.00",,Econtec Consultores S.A.S. - Colombia,USD,199240.0,199240.0,https://www.caribank.org/sites/default/files/publication-resources/Contact%20Award%20Information%20Form%20_NURC%20Capacity%20Building%20for%20Tariff%20Review.pdf,https://www.caribank.org/work-with-us/procurement/contract-awards?solr_publication_contract_awards_years_filter=2025&page=1,CDB
2025,CDB2025-012,Enhancing Weather and Climate Early Warning Systems and Impacts-Based Forecasting Platforms in the Caribbean: Mydewtra Flood Forecasting Chain Update and Technical Excahnge,Climate,Regional,Consultancy,"Centro Intemazionale In Monitoraggio Ambientale Fondazione CIMA - Italy EUR 19,000",,Centro Intemazionale In Monitoraggio Ambientale Fondazione CIMA - Italy,EUR,19000.0,21420.49,https://www.caribank.org/sites/default/files/publication-resources/Contract%20Award%20GA176%20REG%20-%20CIMA.pdf,https://www.caribank.org/work-with-us/procurement/contract-awards?solr_publication_contract_awards_years_filter=2025&page=1,CDB
2025,CDB2025-013,Strengthening Coastal Road Infrastructure Resilience to Geophysical and Climate Related Hazards: Consultancy for Multi-Hazard Risk Assessment and Preparation of Detailed Designs,Climate,Saint Kitts and Nevis,Consultancy,"CEAC Solutions Company Ltd. - Jamaica USD 603,087.90",,CEAC Solutions Company Ltd. - Jamaica,USD,603087.9,603087.9,https://www.caribank.org/sites/default/files/publication-resources/CONTRACT%20AWARD%20GA35%20STK%20-%20CEAC%20Solutions%20.pdf,https://www.caribank.org/work-with-us/procurement/contract-awards?solr_publication_contract_awards_years_filter=2025&page=1,CDB
2025,CDB2025-014,"Consultancy to Develop National Safe School Policies, Assess School Vulnerability to Hazards and Develop School Costed Action Plans in Six Borrowing Member Countries",Climate,Regional,Consultancy,"Environmental Solutions Ltd. - Jamaica EUR 227,167.56",,Environmental Solutions Ltd. - Jamaica,EUR,227167.56,256107.43,https://www.caribank.org/sites/default/files/publication-resources/CONTRACT%20AWARD%20GA180%20REG%20-%20ESL.pdf,https://www.caribank.org/work-with-us/procurement/contract-awards?solr_publication_contract_awards_years_filter=2025&page=1,CDB
2025,CDB2025-015,Expanded Weather and Climate Forecasting and Innovative Product and Service Development and Delivery in the Caribbean - Consultancy Services for Marine Forecasting Training,Climate,Regional,Consultancy,"HR Wallingford- United Kingdom GBP 80,302",,HR Wallingford- United Kingdom,GBP,80302.0,105752.72,https://www.caribank.org/sites/default/files/publication-resources/Contract%20Award%20GA179%20REG%20-%20HR%20Wallingford.pdf,https://www.caribank.org/work-with-us/procurement/contract-awards?solr_publication_contract_awards_years_filter=2025&page=1,CDB
2025,CDB2025-016,Expanded Weather and Climate Forecasting and Innovative Product and Service Development and Delivery in the Caribbean: Consultancy for Development of Climate Early Warning for Mosquito Vector,Climate,Regional,Consultancy,"UMEA University- Sweden EUR 62,880",,UMEA University- Sweden,EUR,62880.0,70890.56,https://www.caribank.org/sites/default/files/publication-resources/CONTRACT%20AWARD%20GA179%20REG%20-%20UMEA.pdf,https://www.caribank.org/work-with-us/procurement/contract-awards?solr_publication_contract_awards_years_filter=2025&page=1,CDB
2025,CDB2025-017,Expanded Weather and Climate Forecasting and Innovative Product and Service Development and Delivery in the Caribbean: Consultancy for a Feasibility Study for a Regional Marine Forecasting Centre,Climate,Regional,Consultancy,"OEA Technologies- Canada USD 85,155.00",,OEA Technologies- Canada,USD,85155.0,85155.0,https://www.caribank.org/sites/default/files/publication-resources/Contract%20Award%20GA179%20REG%20-%20OEA%20Tech%20Inc_0.pdf,https://www.caribank.org/work-with-us/procurement/contract-awards?solr_publication_contract_awards_years_filter=2025&page=1,CDB
2025,CDB2025-018,Supporting a Climate Smart and Sustainable Tourism Industry: Consultancy for Curriculum Development and to Build an Online Training Platform,Climate,Regional,Consultancy,"Niagra College- Canada USD 37,250.00",,Niagra College- Canada,USD,37250.0,37250.0,https://www.caribank.org/sites/default/files/publication-resources/Contract%20Award%20GA177%20REG%20-%20NCC.pdf,https://www.caribank.org/work-with-us/procurement/contract-awards?solr_publication_contract_awards_years_filter=2025&page=1,CDB
2025,CDB2025-019,Strengthening the Disaster Risk Management Capacity of the Portmore Municipal Council- Consultancy for the Preparation of Multi-Hazard Profile and Comprehensive Disaster Risk Management Plan,Climate,Jamaica,Consultancy,"Environmental Hydraulics Institute Foundation (IH Cantabria)- Spain EUR147,318.30",,Environmental Hydraulics Institute Foundation (IH Cantabria)- Spain,EUR,147318.3,166085.82,https://www.caribank.org/sites/default/files/publication-resources/CONTRACT%20AWARD%20GA48%20JAM%20-%20IH%20Cantabria.pdf,https://www.caribank.org/work-with-us/procurement/contract-awards?solr_publication_contract_awards_years_filter=2025&page=1,CDB
2025,CDB2025-020,Supporting a Climate Smart and Sustainable Tourism Industry: Consultancy to Develop Climate Products and Services for the Caribbean Tourism Industry,Climate,Regional,Consultancy,"Essa Technologies Ltd- Canada USD 47,988.00",,Essa Technologies Ltd- Canada,USD,47988.0,47988.0,https://www.caribank.org/sites/default/files/publication-resources/Contract%20Award%20GA177%20REG%20-%20ESSA_0.pdf,https://www.caribank.org/work-with-us/procurement/contract-awards?solr_publication_contract_awards_years_filter=2025&page=1,CDB
2025,CDB2025-021,"Upgrading Flood Early Warning Systems for the Rio Cobre Watershed, Jamaica",Climate,Jamaica,Goods,"Stevens Water Monitoring Systems Inc- USA USD 51,760",,Stevens Water Monitoring Systems Inc- USA,USD,51760.0,51760.0,https://www.caribank.org/sites/default/files/publication-resources/Contract%20Award%20GA47%20JAM%20-%20Stevens.pdf,https://www.caribank.org/work-with-us/procurement/contract-awards?solr_publication_contract_awards_years_filter=2025&page=2,CDB
2025,CDB2025-022,"Procurement of Plant Design, Supply, and Installation of Water Treatment Facilities, Guyana: Lot 2 – Leguan and Wakenaam in Region No. 3",Water Resource Management,Guyana,Works,"Sigma Engineers Ltd &amp; Hebei Wansheng Environmental Protection Engineering Co. Ltd. JV- Bangladesh and China GYD 1,486,448,800",,Sigma Engineers Ltd &amp; Hebei Wansheng Environmental Protection Engineering Co. Ltd. JV- Bangladesh and China,GYD,1486448800.0,7093762.37,https://www.caribank.org/sites/default/files/publication-resources/CONTRACT_AWARD_INFORMATION%20%28WORKS%29_Sigma%20Lot%202%20_0.pdf,https://www.caribank.org/work-with-us/procurement/contract-awards?solr_publication_contract_awards_years_filter=2025&page=2,CDB
2025,CDB2025-023,"Water Supply Improvement Project (WSIP), Guyana: Contract for Engineering and Construction Supervision Services",Water Resource Management,Guyana,Consultancy,"EXP Services Inc. (Canada) in association with C.B. Associates Inc. (Guyana)- Canada and Guyana US$4,029,725.76 (USD 3,381,000 + USD 648,725.76 Indirect Local Taxes)",,"EXP Services Inc. (Canada) in association with C.B. Associates Inc. (Guyana)- Canada and Guyana (USD 3,381,000 + USD 648,725.76 Indirect Local Taxes)",US$,4029725.76,4029725.76,https://www.caribank.org/sites/default/files/publication-resources/CONTRACT_AWARD_INFORMATION%20%28SERVICE%29_EXP%20.pdf,https://www.caribank.org/work-with-us/procurement/contract-awards?solr_publication_contract_awards_years_filter=2025&page=2,CDB
2025,CDB2025-024,"Procurement of Plant Design, Supply, and Installation of Water Treatment Facilities, Guyana: Lot 1 and Lot 3",Water Resource Management,Guyana,Works,"Action Construction Equipment (ACE) Private JV. Phoenix Projects Private Ltd. - India Lot 1- GYD 757,673,302 and Lot 2- GYD 2,130,097,816",,"Action Construction Equipment (ACE) Private JV. Phoenix Projects Private Ltd. - India Lot 1- and Lot 2- GYD 2,130,097,816",GYD,757673302.0,3615835.51,https://www.caribank.org/sites/default/files/publication-resources/CONTRACT_AWARD_INFORMATION%20%28WORKS%29_ACE%20Lots%201%20and%203.pdf,https://www.caribank.org/work-with-us/procurement/contract-awards?solr_publication_contract_awards_years_filter=2025&page=2,CDB
2025,CDB2025-025,Rehabilitation of Loubiere to Bagatelle Road - Phase 1: Loubiere to Grand Bay Civil Works,Climate,Dominica,Works,"Sotradom Ltd and OCM INC. (JV), Dominica XCD 116,809,280.03",,"Sotradom Ltd and OCM INC. (JV), Dominica",XCD,116809280.03,43262696.31,https://www.caribank.org/sites/default/files/publication-resources/CONTRACT_AWARD_INFORMATION%20%28WORKS%29%20-%20LGBR%20CivilWorks-September%202024.pdf,https://www.caribank.org/work-with-us/procurement/contract-awards?solr_publication_contract_awards_years_filter=2025&page=2,CDB
2025,CDB2025-026,Road Management and Rural Road Improvement Programme (EDF11)- Palmiste Road Rehabilitation,Climate,Saint Vincent and the Grenadines,Works,"Dipcon Engineering Services Ltd. XCD 3,257,900.75 (VAT inclusive)",,Dipcon Engineering Services Ltd. (VAT inclusive),XCD,3257900.75,1206629.91,https://www.caribank.org/sites/default/files/publication-resources/SJ_SS-PALMISTE%20-%20CONTRACT%20AWARD%20INFORMATION%20%28WORKS%29-02052025.pdf,https://www.caribank.org/work-with-us/procurement/contract-awards?solr_publication_contract_awards_years_filter=2025&page=2,CDB
2025,CDB2025-027,Road Management and Rural Road Improvement Programme (EDF11)- Dandrade Road Rehabilitation,Climate,Saint Vincent and the Grenadines,Works,"Kelectric Company Ltd. XCD 2,300,442.98",,Kelectric Company Ltd.,XCD,2300442.98,852015.92,https://www.caribank.org/sites/default/files/publication-resources/SJ_SS_DANDRADE%20-%20CONTRACT%20AWARD%20INFORMATION%20%28WORKS%29-02052025.pdf,https://www.caribank.org/work-with-us/procurement/contract-awards?solr_publication_contract_awards_years_filter=2025&page=2,CDB
2025,CDB2025-028,NDM Disaster Risk Management: Rehabilitation & Reconstruction (December 2013 Trough Event) Orange Hill Highway Rehabilitation,Climate,Saint Vincent and the Grenadines,Works,"Kelectric Company Ltd. XCD 2,919,063.75",,Kelectric Company Ltd.,XCD,2919063.75,1081134.72,https://www.caribank.org/sites/default/files/publication-resources/SJ_SS-ORANGE%20HILL%20-%20CONTRACT%20AWARD%20INFORMATION%20%28WORKS%29-02052025.pdf,https://www.caribank.org/work-with-us/procurement/contract-awards?solr_publication_contract_awards_years_filter=2025&page=2,CDB
2025,CDB2025-029,NDM Disaster Risk Reduction & Climate Change Adaptation: Maroon Hill Road Rehabilitation,Climate,Saint Vincent and the Grenadines,Works,"Dipcon Engineering Services Ltd. XCD 9,994,961.30",,Dipcon Engineering Services Ltd.,XCD,9994961.3,3701837.52,https://www.caribank.org/sites/default/files/publication-resources/SJ_SS_MAROON%20HILL%20-%20CONTRACT%20AWARD%20INFORMATION%20%28WORKS%29-02-05-2025.pdf,https://www.caribank.org/work-with-us/procurement/contract-awards?solr_publication_contract_awards_years_filter=2025&page=2,CDB
2025,CDB2025-030,Consultancy Services for the Design of Infrastructure Works for the Four BSIF IV Loan Sub-Projects,,Belize,Consultancy,"CEAC Solutions XCD 351,05.48 (exclusive of taxes)",,"CEAC Solutions ,05.48 (exclusive of taxes)",XCD,351.0,130.0,https://www.caribank.org/sites/default/files/publication-resources/BSIF%20IV%20Consultancy_CAI.pdf,https://www.caribank.org/work-with-us/procurement/contract-awards?solr_publication_contract_awards_years_filter=2025&page=2,CDB
2025,CDB2025-031,Southern St. George Water Supply Expansion Project- Supply of Goods and Equipment for Water Supply and Sewerage Works,Water Resource Management,Grenada,Goods,"Isratech Jamaica Limited USD 2,489,485.50",,Isratech Jamaica Limited,USD,2489485.5,2489485.5,https://www.caribank.org/sites/default/files/publication-resources/UKCIF%20Grenada%20Contract%20Award%20Information%20-%20Goods.pdf,https://www.caribank.org/work-with-us/procurement/contract-awards?solr_publication_contract_awards_years_filter=2025&page=3,CDB
2025,CDB2025-032,Integrated Solid Waste Management Project- Grenada: Supply of Equipment,Water Resource Management,Grenada,Goods,"NSG Exports Ltd. EURO 1,532,565.00",,NSG Exports Ltd.,EURO,1532565.0,1727805.16,https://www.caribank.org/sites/default/files/publication-resources/CONTRACT_AWARD_INFORMATION%20BULLDOZERS%20%20AND%20BACKHOE_0.pdf,https://www.caribank.org/work-with-us/procurement/contract-awards?solr_publication_contract_awards_years_filter=2025&page=3,CDB
2025,CDB2025-033,Integrated Solid Waste Management Project- Grenada: Construction of Waste Pickers Facility,Water Resource Management,Grenada,Works,"Barry&#039;s Engineering Company XCD 194,924.35",,Barry&#039;s Engineering Company,XCD,194924.35,72194.2,https://www.caribank.org/sites/default/files/publication-resources/CONTRACT_AWARD_INFORMATION%20-WASTE%20PICKERS%20FACILITY.pdf,https://www.caribank.org/work-with-us/procurement/contract-awards?solr_publication_contract_awards_years_filter=2025&page=3,CDB
2025,CDB2025-034,Integrated Solid Waste Management Project- Grenada: Supply of Equipment,Water Resource Management,Grenada,Goods,"NSG Exports Ltd. USD 512,635.57",,NSG Exports Ltd.,USD,512635.57,512635.57,https://www.caribank.org/sites/default/files/publication-resources/CONTRACT_AWARD_INFORMATION%20%20supply%20of%20trucks.pdf,https://www.caribank.org/work-with-us/procurement/contract-awards?solr_publication_contract_awards_years_filter=2025&page=3,CDB
2025,CDB2025-035,"Basic Needs Trust Fund, Grenada- Construction of Victoria School for Special Education",,Grenada,Works,"H. Lewis Construction Limited XCD 2,097,000 (after a reduction in reduced scope)",,H. Lewis Construction Limited (after a reduction in reduced scope),XCD,2097000.0,776666.67,https://www.caribank.org/sites/default/files/publication-resources/250109%20Contract%20award%20Information%20VSSE.pdf,https://www.caribank.org/work-with-us/procurement/contract-awards?solr_publication_contract_awards_years_filter=2025&page=3,CDB
2025,CDB2025-036,"Basic Needs Trust Fund, Grenada- Construction of St. Dominic's R.C. School",,Grenada,Works,"H. Lewis Construction Limited XCD 1,435,959.56",,H. Lewis Construction Limited,XCD,1435959.56,531836.87,https://www.caribank.org/sites/default/files/publication-resources/250109%20Contract%20award%20Information%20SDRCS.pdf,https://www.caribank.org/work-with-us/procurement/contract-awards?solr_publication_contract_awards_years_filter=2025&page=3,CDB
2025,CDB2025-037,"Basic Needs Trust Fund, Grenada- Construction of Bonair Bridge",,Grenada,Works,"Gilbert &amp; Partners Engineering Company Ltd. XCD $2,337,321.85",,Gilbert &amp; Partners Engineering Company Ltd.,XCD,2337321.85,865674.76,https://www.caribank.org/sites/default/files/publication-resources/CONTRACT_AWARD_INFORMATION%20%28WORKS%29%20-%20Bonair%20Bridge.pdf,https://www.caribank.org/work-with-us/procurement/contract-awards?solr_publication_contract_awards_years_filter=2025&page=3,CDB
2025,CDB2025-038,"Natural Disaster Management - Immediate Response Loan, La Soufrière Volcano- St. Vincent and the Grenadines: Consulting Services for the Design of River Crossings",Climate,Saint Vincent and the Grenadines,Consultancy,"Alpha Engineering and Design (2012) Ltd. XCD 384,592.70",,Alpha Engineering and Design (2012) Ltd.,XCD,384592.7,142441.74,https://www.caribank.org/sites/default/files/publication-resources/CONTRACT%20AWARD%20INFORMATION%28CONSULTANCY_SERVICES%29IRLSVGSoufriere.pdf,https://www.caribank.org/work-with-us/procurement/contract-awards?solr_publication_contract_awards_years_filter=2025&page=3,CDB
2025,CDB2025-039,"Santa Elena Government Preschool Substitution, Santa Elena Town, Cayo District, Belize, BNTF 10",Education,Belize,Works,"Joehann Construction and Engineering Ltd. BZD977,777.00",,Joehann Construction and Engineering Ltd.,BZD,977777.0,488888.5,https://www.caribank.org/sites/default/files/publication-resources/CONTRACT_AWARD_INFORMATION%20%28WORKS%29_Santa%20Elena.pdf,https://www.caribank.org/work-with-us/procurement/contract-awards?solr_publication_contract_awards_years_filter=2025&page=3,CDB
2025,CDB2025-040,"Santa Cruz Government Primary School Substitution Construction, Santa Cruz Village, Orange Walk District, Belize, BNTF 10",Education,Belize,Works,"Triple E Construction BZD1,180,441.17",,Triple E Construction,BZD,1180441.17,590220.58,https://www.caribank.org/sites/default/files/publication-resources/CONTRACT_AWARD_INFORMATION%20%28WORKS%29_%20Santa%20Cruz_Owalk_.pdf,https://www.caribank.org/work-with-us/procurement/contract-awards?solr_publication_contract_awards_years_filter=2025&page=3,CDB
2026,CDB2026-001,Eighth Road Project (George Price Highway: Belize City to Hattieville,Infrastructure,Belize,Works,"Belize - Cisco Construction Ltd. USD32,749,510.00",Belize,- Cisco Construction Ltd.,USD,32749510.0,32749510.0,https://www.caribank.org/sites/default/files/publication-resources/Contract%20Award%20Notice_Civil%20Works_GPH_Lot1.docx,https://www.caribank.org/work-with-us/procurement/contract-awards?solr_publication_contract_awards_years_filter=2026,CDB
2026,CDB2026-002,Building Resilience and Recovery Capacity of Water Utilities Through the Caribbean Water Utilities Insurance Collective Segregated Portfolio,Climate,Regional,Consultancy,"Portugal - CH Group – Global Services, Lda USD71,655.00",Portugal,"- CH Group – Global Services, Lda",USD,71655.0,71655.0,https://www.caribank.org/sites/default/files/publication-resources/CONTRACT%20AWARD%20INFORMATION%20-Implementation%20of%20CWUIC%20Response%20Programme.docx,https://www.caribank.org/work-with-us/procurement/contract-awards?solr_publication_contract_awards_years_filter=2026,CDB
